Numéro de station OMM,Date et heure d'observation,Direction du vent (degrés),Vitesse du vent moyen 10mn,Humidité relative (%),Visibilité horizontale (m),Nebulosité totale,Hauteur base nuages (m),Pression au niveau station,Rafale 10 dernières minutes,Précipitations 24h (mm),Nom de la station,Température (°C),T° min 24h (°C),T° max 24h (°C),Latitude,Longitude,Altitude (m),Libellé géographique,Nom département,Code département,Nom région,Code région,Mois de l'année,distance_km_poitiers
07335,2024-12-01T12:00:00+00:00,190.0,6.3,86.0,19040.0,0,2250.0,100740.0,9.1,0.2,POITIERS-BIARD,13.100000000000023,,,46.593833,0.314333,123,Poitiers,Vienne,86,Nouvelle-Aquitaine,75,12,2.500087253165825
07335,2024-12-04T12:00:00+00:00,190.0,1.6,81.0,16010.0,0,450.0,101520.0,2.9,0.0,POITIERS-BIARD,9.300000000000011,,,46.593833,0.314333,123,Poitiers,Vienne,86,Nouvelle-Aquitaine,75,12,2.500087253165825
07335,2024-12-09T03:00:00+00:00,20.0,7.0,87.0,49770.0,0,450.0,100290.0,11.3,1.4,POITIERS-BIARD,6.7000000000000455,,,46.593833,0.314333,123,Poitiers,Vienne,86,Nouvelle-Aquitaine,75,12,2.500087253165825
07335,2024-12-11T18:00:00+00:00,60.0,2.8,82.0,38800.0,0,800.0,101140.0,4.6,0.2,POITIERS-BIARD,3.0,,,46.593833,0.314333,123,Poitiers,Vienne,86,Nouvelle-Aquitaine,75,12,2.500087253165825
07335,2024-12-14T09:00:00+00:00,320.0,3.3,97.0,4640.0,10,150.0,101140.0,4.8,0.2,POITIERS-BIARD,2.900000000000034,,,46.593833,0.314333,123,Poitiers,Vienne,86,Nouvelle-Aquitaine,75,12,2.500087253165825
07335,2024-12-07T18:00:00+00:00,260.0,7.7,70.0,59650.0,0,1250.0,99760.0,13.4,5.0,POITIERS-BIARD,7.300000000000011,,,46.593833,0.314333,123,Poitiers,Vienne,86,Nouvelle-Aquitaine,75,12,2.500087253165825
07335,2024-12-08T09:00:00+00:00,320.0,8.2,84.0,60000.0,0,800.0,99970.0,12.6,0.6,POITIERS-BIARD,7.600000000000023,,,46.593833,0.314333,123,Poitiers,Vienne,86,Nouvelle-Aquitaine,75,12,2.500087253165825
07335,2024-12-12T21:00:00+00:00,90.0,3.8,88.0,10380.0,0,250.0,101120.0,6.5,0.0,POITIERS-BIARD,1.400000000000034,,,46.593833,0.314333,123,Poitiers,Vienne,86,Nouvelle-Aquitaine,75,12,2.500087253165825
07335,2024-12-03T06:00:00+00:00,290.0,1.7,90.0,56050.0,0,1250.0,100870.0,2.5,4.0,POITIERS-BIARD,6.0,,,46.593833,0.314333,123,Poitiers,Vienne,86,Nouvelle-Aquitaine,75,12,2.500087253165825
07335,2024-12-03T12:00:00+00:00,300.0,2.3,69.0,60000.0,0,800.0,100890.0,4.6,0.0,POITIERS-BIARD,9.800000000000011,,,46.593833,0.314333,123,Poitiers,Vienne,86,Nouvelle-Aquitaine,75,12,2.500087253165825
07335,2024-12-04T03:00:00+00:00,290.0,2.6,97.0,9580.0,0,,101120.0,3.2,0.0,POITIERS-BIARD,0.7000000000000455,,,46.593833,0.314333,123,Poitiers,Vienne,86,Nouvelle-Aquitaine,75,12,2.500087253165825
07335,2024-12-07T03:00:00+00:00,230.0,8.8,95.0,12930.0,0,250.0,99930.0,12.0,0.2,POITIERS-BIARD,12.900000000000034,,,46.593833,0.314333,123,Poitiers,Vienne,86,Nouvelle-Aquitaine,75,12,2.500087253165825
07335,2024-12-15T21:00:00+00:00,230.0,4.8,96.0,13140.0,0,800.0,102530.0,6.3,0.0,POITIERS-BIARD,7.100000000000023,,,46.593833,0.314333,123,Poitiers,Vienne,86,Nouvelle-Aquitaine,75,12,2.500087253165825
07335,2024-12-01T00:00:00+00:00,130.0,2.2,100.0,390.0,45,30.0,100950.0,3.9,0.2,POITIERS-BIARD,6.7000000000000455,,,46.593833,0.314333,123,Poitiers,Vienne,86,Nouvelle-Aquitaine,75,12,2.500087253165825
07335,2024-12-03T03:00:00+00:00,280.0,2.2,90.0,57560.0,0,1750.0,100890.0,3.5,4.0,POITIERS-BIARD,6.400000000000034,,,46.593833,0.314333,123,Poitiers,Vienne,86,Nouvelle-Aquitaine,75,12,2.500087253165825
07335,2024-12-12T09:00:00+00:00,50.0,3.1,92.0,9100.0,0,,101320.0,4.8,0.0,POITIERS-BIARD,0.5,,,46.593833,0.314333,123,Poitiers,Vienne,86,Nouvelle-Aquitaine,75,12,2.500087253165825
07335,2024-12-12T15:00:00+00:00,20.0,1.4,82.0,13700.0,0,,101130.0,2.7,0.0,POITIERS-BIARD,4.900000000000034,,,46.593833,0.314333,123,Poitiers,Vienne,86,Nouvelle-Aquitaine,75,12,2.500087253165825
07335,2024-12-13T12:00:00+00:00,70.0,2.1,95.0,5990.0,0,80.0,100950.0,3.9,0.0,POITIERS-BIARD,2.1000000000000227,,,46.593833,0.314333,123,Poitiers,Vienne,86,Nouvelle-Aquitaine,75,12,2.500087253165825
07335,2024-12-15T09:00:00+00:00,210.0,1.9,99.0,4990.0,10,1750.0,102160.0,2.7,-0.1,POITIERS-BIARD,1.900000000000034,,,46.593833,0.314333,123,Poitiers,Vienne,86,Nouvelle-Aquitaine,75,12,2.500087253165825
07335,2024-12-13T00:00:00+00:00,80.0,3.0,88.0,10850.0,0,250.0,101090.0,5.8,0.0,POITIERS-BIARD,1.3000000000000114,,,46.593833,0.314333,123,Poitiers,Vienne,86,Nouvelle-Aquitaine,75,12,2.500087253165825
07335,2024-12-09T00:00:00+00:00,350.0,6.4,93.0,15990.0,61,450.0,100110.0,9.4,1.2,POITIERS-BIARD,6.600000000000023,,,46.593833,0.314333,123,Poitiers,Vienne,86,Nouvelle-Aquitaine,75,12,2.500087253165825
07335,2024-12-02T09:00:00+00:00,260.0,2.6,96.0,18670.0,0,1250.0,100640.0,3.9,4.2,POITIERS-BIARD,12.0,,,46.593833,0.314333,123,Poitiers,Vienne,86,Nouvelle-Aquitaine,75,12,2.500087253165825
07335,2024-12-14T15:00:00+00:00,210.0,2.1,90.0,7580.0,0,250.0,101310.0,3.1,0.2,POITIERS-BIARD,3.900000000000034,,,46.593833,0.314333,123,Poitiers,Vienne,86,Nouvelle-Aquitaine,75,12,2.500087253165825
07335,2024-12-15T18:00:00+00:00,190.0,3.4,92.0,15680.0,0,800.0,102430.0,4.7,0.0,POITIERS-BIARD,7.0,,,46.593833,0.314333,123,Poitiers,Vienne,86,Nouvelle-Aquitaine,75,12,2.500087253165825
07335,2024-12-06T09:00:00+00:00,270.0,3.9,85.0,16220.0,0,6960.0,101030.0,6.4,4.4,POITIERS-BIARD,8.900000000000034,,,46.593833,0.314333,123,Poitiers,Vienne,86,Nouvelle-Aquitaine,75,12,2.500087253165825
07335,2024-12-10T06:00:00+00:00,30.0,5.3,88.0,40690.0,0,450.0,100800.0,7.5,0.2,POITIERS-BIARD,4.300000000000011,,,46.593833,0.314333,123,Poitiers,Vienne,86,Nouvelle-Aquitaine,75,12,2.500087253165825
07335,2024-12-02T12:00:00+00:00,280.0,2.6,85.0,57720.0,0,450.0,100630.0,4.6,4.0,POITIERS-BIARD,12.5,,,46.593833,0.314333,123,Poitiers,Vienne,86,Nouvelle-Aquitaine,75,12,2.500087253165825
07335,2024-12-03T21:00:00+00:00,330.0,1.4,95.0,10530.0,0,,100960.0,4.1,0.0,POITIERS-BIARD,2.8000000000000114,,,46.593833,0.314333,123,Poitiers,Vienne,86,Nouvelle-Aquitaine,75,12,2.500087253165825
07335,2024-12-08T12:00:00+00:00,320.0,9.2,81.0,51850.0,0,800.0,100020.0,13.8,0.6,POITIERS-BIARD,7.7000000000000455,,,46.593833,0.314333,123,Poitiers,Vienne,86,Nouvelle-Aquitaine,75,12,2.500087253165825
07335,2024-12-09T09:00:00+00:00,20.0,8.0,81.0,45720.0,0,800.0,100640.0,12.0,0.8,POITIERS-BIARD,5.800000000000011,,,46.593833,0.314333,123,Poitiers,Vienne,86,Nouvelle-Aquitaine,75,12,2.500087253165825
07335,2024-12-10T18:00:00+00:00,30.0,4.2,84.0,52270.0,0,1250.0,100880.0,6.1,0.0,POITIERS-BIARD,4.800000000000011,,,46.593833,0.314333,123,Poitiers,Vienne,86,Nouvelle-Aquitaine,75,12,2.500087253165825
07335,2024-12-04T06:00:00+00:00,300.0,1.7,98.0,7230.0,0,1250.0,101350.0,2.5,0.0,POITIERS-BIARD,2.2000000000000455,,,46.593833,0.314333,123,Poitiers,Vienne,86,Nouvelle-Aquitaine,75,12,2.500087253165825
07335,2024-12-06T06:00:00+00:00,320.0,3.4,85.0,19800.0,0,,100780.0,5.7,4.6,POITIERS-BIARD,8.100000000000023,,,46.593833,0.314333,123,Poitiers,Vienne,86,Nouvelle-Aquitaine,75,12,2.500087253165825
07335,2024-12-10T00:00:00+00:00,20.0,4.5,94.0,19510.0,0,250.0,100780.0,6.1,0.4,POITIERS-BIARD,4.100000000000023,,,46.593833,0.314333,123,Poitiers,Vienne,86,Nouvelle-Aquitaine,75,12,2.500087253165825
07335,2024-12-12T00:00:00+00:00,50.0,3.0,90.0,18920.0,0,,101270.0,4.7,0.0,POITIERS-BIARD,1.0,,,46.593833,0.314333,123,Poitiers,Vienne,86,Nouvelle-Aquitaine,75,12,2.500087253165825
07335,2024-12-12T03:00:00+00:00,50.0,2.4,92.0,15330.0,0,,101250.0,3.8,0.0,POITIERS-BIARD,0.20000000000004547,,,46.593833,0.314333,123,Poitiers,Vienne,86,Nouvelle-Aquitaine,75,12,2.500087253165825
07335,2024-12-12T12:00:00+00:00,50.0,3.0,95.0,5940.0,0,150.0,101270.0,4.7,0.0,POITIERS-BIARD,0.8000000000000114,,,46.593833,0.314333,123,Poitiers,Vienne,86,Nouvelle-Aquitaine,75,12,2.500087253165825
07335,2024-12-12T18:00:00+00:00,60.0,3.9,90.0,9850.0,0,250.0,101110.0,7.4,0.0,POITIERS-BIARD,1.7000000000000455,,,46.593833,0.314333,123,Poitiers,Vienne,86,Nouvelle-Aquitaine,75,12,2.500087253165825
07335,2024-12-02T00:00:00+00:00,210.0,4.5,94.0,19070.0,0,250.0,100700.0,6.1,0.2,POITIERS-BIARD,12.300000000000011,,,46.593833,0.314333,123,Poitiers,Vienne,86,Nouvelle-Aquitaine,75,12,2.500087253165825
07335,2024-12-03T09:00:00+00:00,210.0,2.0,93.0,44180.0,0,4320.0,100920.0,2.9,0.0,POITIERS-BIARD,5.900000000000034,,,46.593833,0.314333,123,Poitiers,Vienne,86,Nouvelle-Aquitaine,75,12,2.500087253165825
07335,2024-12-10T03:00:00+00:00,20.0,5.9,89.0,37370.0,0,450.0,100770.0,9.0,0.2,POITIERS-BIARD,4.600000000000023,,,46.593833,0.314333,123,Poitiers,Vienne,86,Nouvelle-Aquitaine,75,12,2.500087253165825
07335,2024-12-13T15:00:00+00:00,20.0,2.6,88.0,11740.0,0,1250.0,100880.0,3.6,0.0,POITIERS-BIARD,4.0,,,46.593833,0.314333,123,Poitiers,Vienne,86,Nouvelle-Aquitaine,75,12,2.500087253165825
07335,2024-12-02T18:00:00+00:00,240.0,2.3,82.0,60000.0,0,,100770.0,3.0,4.0,POITIERS-BIARD,7.400000000000034,,,46.593833,0.314333,123,Poitiers,Vienne,86,Nouvelle-Aquitaine,75,12,2.500087253165825
07335,2024-12-15T00:00:00+00:00,210.0,2.3,96.0,3400.0,10,1750.0,101660.0,2.7,-0.1,POITIERS-BIARD,2.8000000000000114,,,46.593833,0.314333,123,Poitiers,Vienne,86,Nouvelle-Aquitaine,75,12,2.500087253165825
07335,2024-12-04T15:00:00+00:00,170.0,2.9,94.0,7650.0,0,150.0,101530.0,4.0,0.0,POITIERS-BIARD,6.300000000000011,,,46.593833,0.314333,123,Poitiers,Vienne,86,Nouvelle-Aquitaine,75,12,2.500087253165825
07335,2024-12-05T18:00:00+00:00,200.0,8.9,98.0,4260.0,50,80.0,100490.0,12.5,0.2,POITIERS-BIARD,9.200000000000045,,,46.593833,0.314333,123,Poitiers,Vienne,86,Nouvelle-Aquitaine,75,12,2.500087253165825
07335,2024-12-07T00:00:00+00:00,200.0,3.6,98.0,19880.0,0,150.0,100390.0,5.3,0.6,POITIERS-BIARD,11.300000000000011,,,46.593833,0.314333,123,Poitiers,Vienne,86,Nouvelle-Aquitaine,75,12,2.500087253165825
07335,2024-12-08T15:00:00+00:00,320.0,8.5,84.0,51790.0,0,800.0,100000.0,13.8,0.6,POITIERS-BIARD,7.100000000000023,,,46.593833,0.314333,123,Poitiers,Vienne,86,Nouvelle-Aquitaine,75,12,2.500087253165825
07335,2024-12-01T03:00:00+00:00,140.0,1.9,100.0,16530.0,0,80.0,100850.0,3.7,-0.1,POITIERS-BIARD,7.2000000000000455,,,46.593833,0.314333,123,Poitiers,Vienne,86,Nouvelle-Aquitaine,75,12,2.500087253165825
07335,2024-12-12T06:00:00+00:00,60.0,1.8,92.0,11870.0,0,,101260.0,3.7,0.0,POITIERS-BIARD,0.30000000000001137,,,46.593833,0.314333,123,Poitiers,Vienne,86,Nouvelle-Aquitaine,75,12,2.500087253165825
07335,2024-12-14T03:00:00+00:00,350.0,1.3,97.0,4870.0,10,800.0,100890.0,1.7,0.2,POITIERS-BIARD,3.400000000000034,,,46.593833,0.314333,123,Poitiers,Vienne,86,Nouvelle-Aquitaine,75,12,2.500087253165825
07335,2024-12-05T00:00:00+00:00,160.0,3.1,100.0,3080.0,10,80.0,101410.0,5.4,0.0,POITIERS-BIARD,3.1000000000000227,,,46.593833,0.314333,123,Poitiers,Vienne,86,Nouvelle-Aquitaine,75,12,2.500087253165825
07335,2024-12-05T06:00:00+00:00,190.0,5.6,91.0,35350.0,0,800.0,101140.0,7.5,0.0,POITIERS-BIARD,4.600000000000023,,,46.593833,0.314333,123,Poitiers,Vienne,86,Nouvelle-Aquitaine,75,12,2.500087253165825
07335,2024-12-08T18:00:00+00:00,320.0,8.7,79.0,60000.0,0,800.0,100000.0,13.6,0.6,POITIERS-BIARD,6.900000000000034,,,46.593833,0.314333,123,Poitiers,Vienne,86,Nouvelle-Aquitaine,75,12,2.500087253165825
07335,2024-12-11T00:00:00+00:00,30.0,3.2,89.0,52680.0,0,800.0,100920.0,5.1,0.2,POITIERS-BIARD,4.300000000000011,,,46.593833,0.314333,123,Poitiers,Vienne,86,Nouvelle-Aquitaine,75,12,2.500087253165825
07335,2024-12-01T18:00:00+00:00,200.0,5.3,90.0,19930.0,0,3000.0,100710.0,7.4,0.2,POITIERS-BIARD,12.400000000000034,,,46.593833,0.314333,123,Poitiers,Vienne,86,Nouvelle-Aquitaine,75,12,2.500087253165825
07335,2024-12-02T06:00:00+00:00,220.0,4.1,96.0,18130.0,0,250.0,100530.0,6.4,0.2,POITIERS-BIARD,12.700000000000045,,,46.593833,0.314333,123,Poitiers,Vienne,86,Nouvelle-Aquitaine,75,12,2.500087253165825
07335,2024-12-13T18:00:00+00:00,80.0,1.2,91.0,10430.0,0,1250.0,100910.0,2.2,0.0,POITIERS-BIARD,3.8000000000000114,,,46.593833,0.314333,123,Poitiers,Vienne,86,Nouvelle-Aquitaine,75,12,2.500087253165825
07335,2024-12-14T00:00:00+00:00,320.0,1.3,96.0,3830.0,10,2640.0,100940.0,1.8,0.2,POITIERS-BIARD,3.2000000000000455,,,46.593833,0.314333,123,Poitiers,Vienne,86,Nouvelle-Aquitaine,75,12,2.500087253165825
07335,2024-12-14T12:00:00+00:00,300.0,3.9,93.0,6580.0,0,250.0,101260.0,5.5,0.2,POITIERS-BIARD,3.2000000000000455,,,46.593833,0.314333,123,Poitiers,Vienne,86,Nouvelle-Aquitaine,75,12,2.500087253165825
07335,2024-12-06T12:00:00+00:00,300.0,3.3,75.0,18900.0,0,800.0,101110.0,5.2,4.4,POITIERS-BIARD,11.700000000000045,,,46.593833,0.314333,123,Poitiers,Vienne,86,Nouvelle-Aquitaine,75,12,2.500087253165825
07335,2024-12-06T21:00:00+00:00,200.0,7.0,87.0,15030.0,0,1250.0,100650.0,9.4,1.2,POITIERS-BIARD,9.700000000000045,,,46.593833,0.314333,123,Poitiers,Vienne,86,Nouvelle-Aquitaine,75,12,2.500087253165825
07335,2024-12-07T21:00:00+00:00,290.0,10.1,73.0,39360.0,0,800.0,99720.0,17.8,5.0,POITIERS-BIARD,7.800000000000011,,,46.593833,0.314333,123,Poitiers,Vienne,86,Nouvelle-Aquitaine,75,12,2.500087253165825
07335,2024-12-10T21:00:00+00:00,40.0,4.0,90.0,49770.0,0,800.0,100930.0,6.1,0.2,POITIERS-BIARD,4.5,,,46.593833,0.314333,123,Poitiers,Vienne,86,Nouvelle-Aquitaine,75,12,2.500087253165825
07335,2024-12-03T15:00:00+00:00,330.0,2.1,68.0,47780.0,0,800.0,100830.0,3.3,0.0,POITIERS-BIARD,9.700000000000045,,,46.593833,0.314333,123,Poitiers,Vienne,86,Nouvelle-Aquitaine,75,12,2.500087253165825
07335,2024-12-05T15:00:00+00:00,200.0,9.0,90.0,39630.0,0,250.0,100680.0,12.0,0.2,POITIERS-BIARD,8.5,,,46.593833,0.314333,123,Poitiers,Vienne,86,Nouvelle-Aquitaine,75,12,2.500087253165825
07335,2024-12-06T00:00:00+00:00,230.0,6.8,97.0,49020.0,0,250.0,100180.0,10.6,4.2,POITIERS-BIARD,13.700000000000045,,,46.593833,0.314333,123,Poitiers,Vienne,86,Nouvelle-Aquitaine,75,12,2.500087253165825
07335,2024-12-06T03:00:00+00:00,290.0,4.7,90.0,60000.0,0,450.0,100380.0,8.6,4.6,POITIERS-BIARD,13.100000000000023,,,46.593833,0.314333,123,Poitiers,Vienne,86,Nouvelle-Aquitaine,75,12,2.500087253165825
07335,2024-12-15T15:00:00+00:00,220.0,3.4,79.0,57420.0,0,800.0,102250.0,4.7,-0.1,POITIERS-BIARD,10.200000000000045,,,46.593833,0.314333,123,Poitiers,Vienne,86,Nouvelle-Aquitaine,75,12,2.500087253165825
07335,2024-12-01T06:00:00+00:00,180.0,3.8,100.0,18920.0,0,2940.0,100720.0,5.4,-0.1,POITIERS-BIARD,8.800000000000011,,,46.593833,0.314333,123,Poitiers,Vienne,86,Nouvelle-Aquitaine,75,12,2.500087253165825
07335,2024-12-13T06:00:00+00:00,80.0,2.5,95.0,4710.0,10,150.0,100910.0,4.6,0.0,POITIERS-BIARD,-0.19999999999998863,,,46.593833,0.314333,123,Poitiers,Vienne,86,Nouvelle-Aquitaine,75,12,2.500087253165825
07335,2024-12-15T12:00:00+00:00,150.0,2.0,84.0,9090.0,0,1250.0,102250.0,3.0,-0.1,POITIERS-BIARD,8.200000000000045,,,46.593833,0.314333,123,Poitiers,Vienne,86,Nouvelle-Aquitaine,75,12,2.500087253165825
07335,2024-12-07T09:00:00+00:00,260.0,7.2,81.0,19960.0,0,800.0,99760.0,12.6,5.0,POITIERS-BIARD,10.400000000000034,,,46.593833,0.314333,123,Poitiers,Vienne,86,Nouvelle-Aquitaine,75,12,2.500087253165825
07335,2024-12-09T21:00:00+00:00,20.0,5.7,87.0,52850.0,0,800.0,100740.0,8.7,0.8,POITIERS-BIARD,4.800000000000011,,,46.593833,0.314333,123,Poitiers,Vienne,86,Nouvelle-Aquitaine,75,12,2.500087253165825
07335,2024-12-01T21:00:00+00:00,210.0,4.9,92.0,31070.0,0,800.0,100690.0,7.0,0.2,POITIERS-BIARD,11.400000000000034,,,46.593833,0.314333,123,Poitiers,Vienne,86,Nouvelle-Aquitaine,75,12,2.500087253165825
07335,2024-12-05T03:00:00+00:00,160.0,1.6,99.0,13810.0,0,1250.0,101300.0,3.0,0.0,POITIERS-BIARD,3.2000000000000455,,,46.593833,0.314333,123,Poitiers,Vienne,86,Nouvelle-Aquitaine,75,12,2.500087253165825
07335,2024-12-05T09:00:00+00:00,190.0,6.5,89.0,34070.0,0,450.0,101040.0,10.0,0.2,POITIERS-BIARD,5.600000000000023,,,46.593833,0.314333,123,Poitiers,Vienne,86,Nouvelle-Aquitaine,75,12,2.500087253165825
07335,2024-12-02T03:00:00+00:00,210.0,4.2,97.0,15550.0,0,150.0,100590.0,6.9,0.2,POITIERS-BIARD,12.5,,,46.593833,0.314333,123,Poitiers,Vienne,86,Nouvelle-Aquitaine,75,12,2.500087253165825
07335,2024-12-14T21:00:00+00:00,240.0,2.6,91.0,6280.0,0,450.0,101550.0,3.8,-0.1,POITIERS-BIARD,4.300000000000011,,,46.593833,0.314333,123,Poitiers,Vienne,86,Nouvelle-Aquitaine,75,12,2.500087253165825
07335,2024-12-03T18:00:00+00:00,60.0,0.7,83.0,44570.0,0,1250.0,100880.0,1.0,0.0,POITIERS-BIARD,6.5,,,46.593833,0.314333,123,Poitiers,Vienne,86,Nouvelle-Aquitaine,75,12,2.500087253165825
07335,2024-12-05T12:00:00+00:00,200.0,9.0,88.0,23380.0,0,450.0,100870.0,12.3,0.2,POITIERS-BIARD,8.0,,,46.593833,0.314333,123,Poitiers,Vienne,86,Nouvelle-Aquitaine,75,12,2.500087253165825
07335,2024-12-08T06:00:00+00:00,300.0,8.7,88.0,49860.0,0,800.0,99860.0,13.6,0.6,POITIERS-BIARD,6.400000000000034,,,46.593833,0.314333,123,Poitiers,Vienne,86,Nouvelle-Aquitaine,75,12,2.500087253165825
07335,2024-12-08T21:00:00+00:00,340.0,6.6,92.0,49460.0,50,450.0,100010.0,11.3,0.8,POITIERS-BIARD,6.2000000000000455,,,46.593833,0.314333,123,Poitiers,Vienne,86,Nouvelle-Aquitaine,75,12,2.500087253165825
07335,2024-12-09T06:00:00+00:00,10.0,5.9,85.0,51630.0,0,450.0,100450.0,9.1,0.8,POITIERS-BIARD,6.5,,,46.593833,0.314333,123,Poitiers,Vienne,86,Nouvelle-Aquitaine,75,12,2.500087253165825
07335,2024-12-10T09:00:00+00:00,40.0,6.1,78.0,53060.0,0,800.0,100890.0,8.8,0.2,POITIERS-BIARD,3.900000000000034,,,46.593833,0.314333,123,Poitiers,Vienne,86,Nouvelle-Aquitaine,75,12,2.500087253165825
07335,2024-12-11T03:00:00+00:00,50.0,3.8,88.0,52460.0,0,450.0,100890.0,6.5,0.2,POITIERS-BIARD,4.300000000000011,,,46.593833,0.314333,123,Poitiers,Vienne,86,Nouvelle-Aquitaine,75,12,2.500087253165825
07335,2024-12-09T12:00:00+00:00,10.0,6.9,84.0,24910.0,0,450.0,100620.0,9.9,0.8,POITIERS-BIARD,6.800000000000011,,,46.593833,0.314333,123,Poitiers,Vienne,86,Nouvelle-Aquitaine,75,12,2.500087253165825
07335,2024-12-10T15:00:00+00:00,30.0,4.9,78.0,52790.0,0,800.0,100860.0,7.3,-0.1,POITIERS-BIARD,5.100000000000023,,,46.593833,0.314333,123,Poitiers,Vienne,86,Nouvelle-Aquitaine,75,12,2.500087253165825
07335,2024-12-11T09:00:00+00:00,40.0,3.6,91.0,19950.0,0,,101100.0,5.8,0.2,POITIERS-BIARD,3.2000000000000455,,,46.593833,0.314333,123,Poitiers,Vienne,86,Nouvelle-Aquitaine,75,12,2.500087253165825
07335,2024-12-08T03:00:00+00:00,310.0,8.3,81.0,19500.0,0,800.0,99850.0,13.6,4.8,POITIERS-BIARD,6.5,,,46.593833,0.314333,123,Poitiers,Vienne,86,Nouvelle-Aquitaine,75,12,2.500087253165825
07335,2024-12-13T09:00:00+00:00,90.0,2.1,98.0,1540.0,10,30.0,100990.0,3.7,0.0,POITIERS-BIARD,-0.0999999999999659,,,46.593833,0.314333,123,Poitiers,Vienne,86,Nouvelle-Aquitaine,75,12,2.500087253165825
07335,2024-12-08T00:00:00+00:00,300.0,11.2,70.0,44290.0,0,800.0,99760.0,17.6,4.8,POITIERS-BIARD,7.7000000000000455,,,46.593833,0.314333,123,Poitiers,Vienne,86,Nouvelle-Aquitaine,75,12,2.500087253165825
07335,2024-12-09T18:00:00+00:00,10.0,5.1,87.0,28090.0,0,800.0,100720.0,7.6,1.0,POITIERS-BIARD,4.7000000000000455,,,46.593833,0.314333,123,Poitiers,Vienne,86,Nouvelle-Aquitaine,75,12,2.500087253165825
07335,2024-12-11T15:00:00+00:00,50.0,6.0,73.0,44550.0,0,800.0,101050.0,9.4,0.2,POITIERS-BIARD,5.5,,,46.593833,0.314333,123,Poitiers,Vienne,86,Nouvelle-Aquitaine,75,12,2.500087253165825
07335,2024-12-15T06:00:00+00:00,230.0,1.4,98.0,400.0,44,2250.0,101900.0,2.2,-0.1,POITIERS-BIARD,0.9000000000000341,,,46.593833,0.314333,123,Poitiers,Vienne,86,Nouvelle-Aquitaine,75,12,2.500087253165825
07335,2024-12-06T18:00:00+00:00,190.0,4.9,85.0,16140.0,0,1750.0,100880.0,6.9,4.4,POITIERS-BIARD,10.0,,,46.593833,0.314333,123,Poitiers,Vienne,86,Nouvelle-Aquitaine,75,12,2.500087253165825
07335,2024-12-13T03:00:00+00:00,60.0,2.9,91.0,8380.0,0,250.0,100950.0,6.4,0.0,POITIERS-BIARD,0.6000000000000227,,,46.593833,0.314333,123,Poitiers,Vienne,86,Nouvelle-Aquitaine,75,12,2.500087253165825
07335,2024-12-04T18:00:00+00:00,170.0,2.7,99.0,310.0,45,30.0,101610.0,3.7,0.0,POITIERS-BIARD,4.5,,,46.593833,0.314333,123,Poitiers,Vienne,86,Nouvelle-Aquitaine,75,12,2.500087253165825
07335,2024-12-05T21:00:00+00:00,200.0,8.4,98.0,5270.0,0,150.0,100240.0,12.1,3.4,POITIERS-BIARD,11.400000000000034,,,46.593833,0.314333,123,Poitiers,Vienne,86,Nouvelle-Aquitaine,75,12,2.500087253165825
07335,2024-12-06T15:00:00+00:00,220.0,3.7,77.0,37240.0,0,800.0,101010.0,4.9,4.4,POITIERS-BIARD,10.900000000000034,,,46.593833,0.314333,123,Poitiers,Vienne,86,Nouvelle-Aquitaine,75,12,2.500087253165825
07335,2024-12-07T06:00:00+00:00,280.0,4.0,92.0,19170.0,60,1250.0,99690.0,6.4,5.0,POITIERS-BIARD,10.400000000000034,,,46.593833,0.314333,123,Poitiers,Vienne,86,Nouvelle-Aquitaine,75,12,2.500087253165825
07335,2024-12-07T12:00:00+00:00,280.0,7.4,73.0,37690.0,0,800.0,99770.0,12.4,5.0,POITIERS-BIARD,9.800000000000011,,,46.593833,0.314333,123,Poitiers,Vienne,86,Nouvelle-Aquitaine,75,12,2.500087253165825
07335,2024-12-07T15:00:00+00:00,270.0,7.6,62.0,22420.0,0,1250.0,99760.0,12.4,5.0,POITIERS-BIARD,9.400000000000034,,,46.593833,0.314333,123,Poitiers,Vienne,86,Nouvelle-Aquitaine,75,12,2.500087253165825
07335,2024-12-04T00:00:00+00:00,310.0,0.9,96.0,8750.0,0,1250.0,101040.0,1.6,0.0,POITIERS-BIARD,2.1000000000000227,,,46.593833,0.314333,123,Poitiers,Vienne,86,Nouvelle-Aquitaine,75,12,2.500087253165825
07335,2024-12-01T09:00:00+00:00,190.0,6.1,94.0,19880.0,0,3000.0,100800.0,8.2,-0.1,POITIERS-BIARD,10.5,,,46.593833,0.314333,123,Poitiers,Vienne,86,Nouvelle-Aquitaine,75,12,2.500087253165825
07335,2024-12-01T15:00:00+00:00,200.0,4.5,85.0,46500.0,0,800.0,100700.0,7.2,0.2,POITIERS-BIARD,13.900000000000034,,,46.593833,0.314333,123,Poitiers,Vienne,86,Nouvelle-Aquitaine,75,12,2.500087253165825
07335,2024-12-03T00:00:00+00:00,270.0,2.3,94.0,53890.0,0,1750.0,100920.0,3.2,4.0,POITIERS-BIARD,5.400000000000034,,,46.593833,0.314333,123,Poitiers,Vienne,86,Nouvelle-Aquitaine,75,12,2.500087253165825
07335,2024-12-14T06:00:00+00:00,320.0,2.9,98.0,1550.0,10,80.0,100950.0,4.2,0.2,POITIERS-BIARD,3.2000000000000455,,,46.593833,0.314333,123,Poitiers,Vienne,86,Nouvelle-Aquitaine,75,12,2.500087253165825
07335,2024-12-09T15:00:00+00:00,10.0,7.0,83.0,33490.0,0,450.0,100600.0,10.6,1.0,POITIERS-BIARD,5.7000000000000455,,,46.593833,0.314333,123,Poitiers,Vienne,86,Nouvelle-Aquitaine,75,12,2.500087253165825
07335,2024-12-10T12:00:00+00:00,30.0,6.3,79.0,31990.0,0,1250.0,100910.0,9.2,0.2,POITIERS-BIARD,4.600000000000023,,,46.593833,0.314333,123,Poitiers,Vienne,86,Nouvelle-Aquitaine,75,12,2.500087253165825
07335,2024-12-11T12:00:00+00:00,60.0,5.3,68.0,19960.0,0,800.0,101080.0,9.5,0.2,POITIERS-BIARD,7.100000000000023,,,46.593833,0.314333,123,Poitiers,Vienne,86,Nouvelle-Aquitaine,75,12,2.500087253165825
07335,2024-12-11T21:00:00+00:00,50.0,2.4,90.0,23670.0,0,,101240.0,3.8,0.0,POITIERS-BIARD,1.3000000000000114,,,46.593833,0.314333,123,Poitiers,Vienne,86,Nouvelle-Aquitaine,75,12,2.500087253165825
07335,2024-12-13T21:00:00+00:00,40.0,1.1,95.0,5370.0,0,1250.0,100950.0,1.7,0.2,POITIERS-BIARD,3.400000000000034,,,46.593833,0.314333,123,Poitiers,Vienne,86,Nouvelle-Aquitaine,75,12,2.500087253165825
07335,2024-12-02T15:00:00+00:00,300.0,5.1,71.0,51140.0,0,2250.0,100610.0,8.2,4.0,POITIERS-BIARD,12.600000000000023,,,46.593833,0.314333,123,Poitiers,Vienne,86,Nouvelle-Aquitaine,75,12,2.500087253165825
07335,2024-12-02T21:00:00+00:00,270.0,3.1,91.0,60000.0,0,,100840.0,4.6,4.0,POITIERS-BIARD,6.800000000000011,,,46.593833,0.314333,123,Poitiers,Vienne,86,Nouvelle-Aquitaine,75,12,2.500087253165825
07335,2024-12-04T21:00:00+00:00,170.0,2.2,99.0,460.0,45,30.0,101530.0,3.6,0.0,POITIERS-BIARD,3.7000000000000455,,,46.593833,0.314333,123,Poitiers,Vienne,86,Nouvelle-Aquitaine,75,12,2.500087253165825
07335,2024-12-14T18:00:00+00:00,220.0,2.8,92.0,7280.0,0,450.0,101440.0,4.3,0.2,POITIERS-BIARD,4.7000000000000455,,,46.593833,0.314333,123,Poitiers,Vienne,86,Nouvelle-Aquitaine,75,12,2.500087253165825
07335,2024-12-15T03:00:00+00:00,280.0,1.2,97.0,910.0,44,3240.0,101790.0,2.1,-0.1,POITIERS-BIARD,2.1000000000000227,,,46.593833,0.314333,123,Poitiers,Vienne,86,Nouvelle-Aquitaine,75,12,2.500087253165825
07335,2024-12-04T09:00:00+00:00,220.0,1.5,98.0,4330.0,10,,101460.0,1.9,0.0,POITIERS-BIARD,2.5,,,46.593833,0.314333,123,Poitiers,Vienne,86,Nouvelle-Aquitaine,75,12,2.500087253165825
07335,2024-12-11T06:00:00+00:00,50.0,2.9,92.0,34320.0,0,1250.0,100960.0,4.7,0.2,POITIERS-BIARD,3.1000000000000227,,,46.593833,0.314333,123,Poitiers,Vienne,86,Nouvelle-Aquitaine,75,12,2.500087253165825
07335,2024-12-17T06:00:00+00:00,110.0,2.1,98.0,660.0,45,30.0,101580.0,3.8,0.0,POITIERS-BIARD,4.300000000000011,,,46.593833,0.314333,123,Poitiers,Vienne,86,Nouvelle-Aquitaine,75,12,2.500087253165825
07335,2024-12-17T09:00:00+00:00,90.0,1.7,99.0,940.0,45,30.0,101530.0,3.1,0.0,POITIERS-BIARD,3.1000000000000227,,,46.593833,0.314333,123,Poitiers,Vienne,86,Nouvelle-Aquitaine,75,12,2.500087253165825
07335,2024-12-18T09:00:00+00:00,190.0,5.0,96.0,13350.0,0,150.0,100930.0,7.8,-0.1,POITIERS-BIARD,9.0,,,46.593833,0.314333,123,Poitiers,Vienne,86,Nouvelle-Aquitaine,75,12,2.500087253165825
07335,2024-12-23T12:00:00+00:00,310.0,7.2,68.0,43090.0,0,800.0,101380.0,9.8,1.4,POITIERS-BIARD,8.100000000000023,,,46.593833,0.314333,123,Poitiers,Vienne,86,Nouvelle-Aquitaine,75,12,2.500087253165825
07335,2024-12-26T09:00:00+00:00,60.0,5.0,93.0,60000.0,0,250.0,101800.0,8.2,0.2,POITIERS-BIARD,6.400000000000034,,,46.593833,0.314333,123,Poitiers,Vienne,86,Nouvelle-Aquitaine,75,12,2.500087253165825
07335,2024-12-28T06:00:00+00:00,110.0,1.8,100.0,300.0,45,30.0,101580.0,3.0,0.0,POITIERS-BIARD,1.0,,,46.593833,0.314333,123,Poitiers,Vienne,86,Nouvelle-Aquitaine,75,12,2.500087253165825
07335,2024-12-29T21:00:00+00:00,30.0,1.4,93.0,14310.0,0,250.0,101800.0,2.5,-0.1,POITIERS-BIARD,4.5,,,46.593833,0.314333,123,Poitiers,Vienne,86,Nouvelle-Aquitaine,75,12,2.500087253165825
07335,2024-12-19T21:00:00+00:00,280.0,4.1,88.0,60000.0,0,,100930.0,6.9,9.3,POITIERS-BIARD,3.7000000000000455,,,46.593833,0.314333,123,Poitiers,Vienne,86,Nouvelle-Aquitaine,75,12,2.500087253165825
07335,2024-12-16T00:00:00+00:00,220.0,4.4,96.0,12270.0,0,80.0,102540.0,6.8,0.0,POITIERS-BIARD,7.0,,,46.593833,0.314333,123,Poitiers,Vienne,86,Nouvelle-Aquitaine,75,12,2.500087253165825
07335,2024-12-16T18:00:00+00:00,90.0,2.4,92.0,43840.0,0,250.0,101970.0,4.3,0.0,POITIERS-BIARD,7.600000000000023,,,46.593833,0.314333,123,Poitiers,Vienne,86,Nouvelle-Aquitaine,75,12,2.500087253165825
07335,2024-12-17T18:00:00+00:00,190.0,3.9,82.0,59940.0,0,4500.0,101130.0,5.8,0.0,POITIERS-BIARD,7.7000000000000455,,,46.593833,0.314333,123,Poitiers,Vienne,86,Nouvelle-Aquitaine,75,12,2.500087253165825
07335,2024-12-20T06:00:00+00:00,270.0,3.4,89.0,51680.0,0,,101390.0,5.1,1.8,POITIERS-BIARD,2.3000000000000114,,,46.593833,0.314333,123,Poitiers,Vienne,86,Nouvelle-Aquitaine,75,12,2.500087253165825
07335,2024-12-30T15:00:00+00:00,100.0,2.0,94.0,10040.0,0,150.0,101630.0,2.9,0.0,POITIERS-BIARD,3.7000000000000455,,,46.593833,0.314333,123,Poitiers,Vienne,86,Nouvelle-Aquitaine,75,12,2.500087253165825
07335,2024-12-25T12:00:00+00:00,50.0,1.7,99.0,11170.0,0,150.0,101960.0,2.8,0.4,POITIERS-BIARD,9.900000000000034,,,46.593833,0.314333,123,Poitiers,Vienne,86,Nouvelle-Aquitaine,75,12,2.500087253165825
07335,2024-12-28T00:00:00+00:00,330.0,1.4,100.0,200.0,45,30.0,101660.0,2.2,0.0,POITIERS-BIARD,1.5,,,46.593833,0.314333,123,Poitiers,Vienne,86,Nouvelle-Aquitaine,75,12,2.500087253165825
07335,2024-12-22T15:00:00+00:00,300.0,8.0,77.0,41480.0,0,2250.0,100210.0,12.6,3.0,POITIERS-BIARD,7.600000000000023,,,46.593833,0.314333,123,Poitiers,Vienne,86,Nouvelle-Aquitaine,75,12,2.500087253165825
07335,2024-12-16T12:00:00+00:00,90.0,1.6,87.0,60000.0,0,450.0,102330.0,2.8,0.0,POITIERS-BIARD,8.5,,,46.593833,0.314333,123,Poitiers,Vienne,86,Nouvelle-Aquitaine,75,12,2.500087253165825
07335,2024-12-16T21:00:00+00:00,50.0,2.4,93.0,50600.0,0,250.0,101970.0,3.9,0.0,POITIERS-BIARD,7.400000000000034,,,46.593833,0.314333,123,Poitiers,Vienne,86,Nouvelle-Aquitaine,75,12,2.500087253165825
07335,2024-12-28T12:00:00+00:00,140.0,1.7,100.0,2220.0,10,80.0,101620.0,3.0,0.2,POITIERS-BIARD,4.0,,,46.593833,0.314333,123,Poitiers,Vienne,86,Nouvelle-Aquitaine,75,12,2.500087253165825
07335,2024-12-30T21:00:00+00:00,160.0,2.0,97.0,8120.0,0,150.0,101710.0,2.9,0.0,POITIERS-BIARD,3.400000000000034,,,46.593833,0.314333,123,Poitiers,Vienne,86,Nouvelle-Aquitaine,75,12,2.500087253165825
07335,2024-12-24T00:00:00+00:00,230.0,3.3,93.0,5490.0,61,450.0,101480.0,5.1,0.2,POITIERS-BIARD,6.100000000000023,,,46.593833,0.314333,123,Poitiers,Vienne,86,Nouvelle-Aquitaine,75,12,2.500087253165825
07335,2024-12-20T12:00:00+00:00,220.0,3.7,73.0,19610.0,0,1750.0,101470.0,5.4,0.6,POITIERS-BIARD,8.700000000000045,,,46.593833,0.314333,123,Poitiers,Vienne,86,Nouvelle-Aquitaine,75,12,2.500087253165825
07335,2024-12-21T09:00:00+00:00,250.0,1.9,98.0,19090.0,0,,101130.0,3.6,1.0,POITIERS-BIARD,6.300000000000011,,,46.593833,0.314333,123,Poitiers,Vienne,86,Nouvelle-Aquitaine,75,12,2.500087253165825
07335,2024-12-22T12:00:00+00:00,290.0,8.5,69.0,48410.0,0,800.0,100230.0,14.6,1.8,POITIERS-BIARD,9.700000000000045,,,46.593833,0.314333,123,Poitiers,Vienne,86,Nouvelle-Aquitaine,75,12,2.500087253165825
07335,2024-12-17T15:00:00+00:00,190.0,4.0,74.0,60000.0,0,6060.0,101190.0,6.6,0.0,POITIERS-BIARD,9.900000000000034,,,46.593833,0.314333,123,Poitiers,Vienne,86,Nouvelle-Aquitaine,75,12,2.500087253165825
07335,2024-12-20T00:00:00+00:00,270.0,2.6,90.0,59800.0,0,1250.0,101150.0,4.3,3.2,POITIERS-BIARD,3.1000000000000227,,,46.593833,0.314333,123,Poitiers,Vienne,86,Nouvelle-Aquitaine,75,12,2.500087253165825
07335,2024-12-29T09:00:00+00:00,310.0,1.7,99.0,7490.0,0,80.0,101760.0,2.5,-0.1,POITIERS-BIARD,4.0,,,46.593833,0.314333,123,Poitiers,Vienne,86,Nouvelle-Aquitaine,75,12,2.500087253165825
07335,2024-12-17T12:00:00+00:00,180.0,4.4,75.0,43470.0,0,6480.0,101340.0,6.5,0.0,POITIERS-BIARD,9.5,,,46.593833,0.314333,123,Poitiers,Vienne,86,Nouvelle-Aquitaine,75,12,2.500087253165825
07335,2024-12-19T03:00:00+00:00,200.0,7.9,97.0,12190.0,0,150.0,99660.0,10.9,7.5,POITIERS-BIARD,11.600000000000023,,,46.593833,0.314333,123,Poitiers,Vienne,86,Nouvelle-Aquitaine,75,12,2.500087253165825
07335,2024-12-24T06:00:00+00:00,220.0,3.0,99.0,5480.0,0,80.0,101250.0,4.3,1.0,POITIERS-BIARD,6.300000000000011,,,46.593833,0.314333,123,Poitiers,Vienne,86,Nouvelle-Aquitaine,75,12,2.500087253165825
07335,2024-12-21T21:00:00+00:00,240.0,7.1,96.0,16790.0,0,250.0,100910.0,12.7,1.0,POITIERS-BIARD,10.600000000000023,,,46.593833,0.314333,123,Poitiers,Vienne,86,Nouvelle-Aquitaine,75,12,2.500087253165825
07335,2024-12-30T12:00:00+00:00,40.0,2.0,95.0,14110.0,0,150.0,101730.0,3.2,0.0,POITIERS-BIARD,3.400000000000034,,,46.593833,0.314333,123,Poitiers,Vienne,86,Nouvelle-Aquitaine,75,12,2.500087253165825
07335,2024-12-25T03:00:00+00:00,210.0,1.1,99.0,3850.0,10,80.0,101890.0,1.6,0.8,POITIERS-BIARD,8.600000000000023,,,46.593833,0.314333,123,Poitiers,Vienne,86,Nouvelle-Aquitaine,75,12,2.500087253165825
07335,2024-12-22T00:00:00+00:00,230.0,8.8,96.0,7790.0,58,150.0,100590.0,12.9,1.2,POITIERS-BIARD,11.300000000000011,,,46.593833,0.314333,123,Poitiers,Vienne,86,Nouvelle-Aquitaine,75,12,2.500087253165825
07335,2024-12-29T12:00:00+00:00,350.0,1.9,99.0,940.0,45,30.0,101760.0,2.6,-0.1,POITIERS-BIARD,4.5,,,46.593833,0.314333,123,Poitiers,Vienne,86,Nouvelle-Aquitaine,75,12,2.500087253165825
07335,2024-12-25T00:00:00+00:00,220.0,1.3,99.0,720.0,44,80.0,101880.0,1.7,1.4,POITIERS-BIARD,8.5,,,46.593833,0.314333,123,Poitiers,Vienne,86,Nouvelle-Aquitaine,75,12,2.500087253165825
07335,2024-12-17T21:00:00+00:00,200.0,6.3,77.0,60000.0,0,2250.0,101080.0,10.1,0.0,POITIERS-BIARD,8.900000000000034,,,46.593833,0.314333,123,Poitiers,Vienne,86,Nouvelle-Aquitaine,75,12,2.500087253165825
07335,2024-12-19T00:00:00+00:00,200.0,6.7,96.0,5290.0,60,250.0,99990.0,9.5,6.5,POITIERS-BIARD,10.5,,,46.593833,0.314333,123,Poitiers,Vienne,86,Nouvelle-Aquitaine,75,12,2.500087253165825
07335,2024-12-19T18:00:00+00:00,320.0,8.0,89.0,7310.0,63,450.0,100720.0,13.5,9.1,POITIERS-BIARD,4.7000000000000455,,,46.593833,0.314333,123,Poitiers,Vienne,86,Nouvelle-Aquitaine,75,12,2.500087253165825
07335,2024-12-30T06:00:00+00:00,60.0,2.0,95.0,18080.0,0,150.0,101700.0,3.1,-0.1,POITIERS-BIARD,3.0,,,46.593833,0.314333,123,Poitiers,Vienne,86,Nouvelle-Aquitaine,75,12,2.500087253165825
07335,2024-12-23T21:00:00+00:00,260.0,2.3,79.0,59310.0,0,1250.0,101560.0,3.9,0.0,POITIERS-BIARD,6.5,,,46.593833,0.314333,123,Poitiers,Vienne,86,Nouvelle-Aquitaine,75,12,2.500087253165825
07335,2024-12-23T00:00:00+00:00,290.0,6.6,79.0,55720.0,0,,100820.0,10.0,2.8,POITIERS-BIARD,5.100000000000023,,,46.593833,0.314333,123,Poitiers,Vienne,86,Nouvelle-Aquitaine,75,12,2.500087253165825
07335,2024-12-23T15:00:00+00:00,320.0,6.2,68.0,34570.0,0,1250.0,101340.0,9.5,0.2,POITIERS-BIARD,7.800000000000011,,,46.593833,0.314333,123,Poitiers,Vienne,86,Nouvelle-Aquitaine,75,12,2.500087253165825
07335,2024-12-24T21:00:00+00:00,140.0,1.6,99.0,1180.0,10,30.0,101820.0,2.5,1.6,POITIERS-BIARD,9.100000000000023,,,46.593833,0.314333,123,Poitiers,Vienne,86,Nouvelle-Aquitaine,75,12,2.500087253165825
07335,2024-12-21T12:00:00+00:00,260.0,4.7,81.0,19730.0,0,2880.0,101140.0,6.7,1.0,POITIERS-BIARD,10.600000000000023,,,46.593833,0.314333,123,Poitiers,Vienne,86,Nouvelle-Aquitaine,75,12,2.500087253165825
07335,2024-12-19T06:00:00+00:00,230.0,8.4,90.0,13890.0,0,450.0,99520.0,11.9,7.9,POITIERS-BIARD,12.400000000000034,,,46.593833,0.314333,123,Poitiers,Vienne,86,Nouvelle-Aquitaine,75,12,2.500087253165825
07335,2024-12-26T18:00:00+00:00,50.0,3.4,86.0,58520.0,0,,101640.0,5.3,0.2,POITIERS-BIARD,4.800000000000011,,,46.593833,0.314333,123,Poitiers,Vienne,86,Nouvelle-Aquitaine,75,12,2.500087253165825
07335,2024-12-22T03:00:00+00:00,240.0,9.2,95.0,11810.0,0,250.0,100380.0,15.5,0.8,POITIERS-BIARD,11.400000000000034,,,46.593833,0.314333,123,Poitiers,Vienne,86,Nouvelle-Aquitaine,75,12,2.500087253165825
07335,2024-12-28T15:00:00+00:00,130.0,1.2,99.0,28490.0,0,150.0,101550.0,2.2,0.2,POITIERS-BIARD,5.400000000000034,,,46.593833,0.314333,123,Poitiers,Vienne,86,Nouvelle-Aquitaine,75,12,2.500087253165825
07335,2024-12-29T06:00:00+00:00,200.0,1.1,99.0,11970.0,0,150.0,101640.0,1.6,0.2,POITIERS-BIARD,3.900000000000034,,,46.593833,0.314333,123,Poitiers,Vienne,86,Nouvelle-Aquitaine,75,12,2.500087253165825
07335,2024-12-16T09:00:00+00:00,120.0,1.0,95.0,14590.0,0,450.0,102470.0,2.0,0.0,POITIERS-BIARD,6.900000000000034,,,46.593833,0.314333,123,Poitiers,Vienne,86,Nouvelle-Aquitaine,75,12,2.500087253165825
07335,2024-12-28T18:00:00+00:00,150.0,2.9,99.0,10900.0,0,80.0,101580.0,4.4,0.2,POITIERS-BIARD,4.5,,,46.593833,0.314333,123,Poitiers,Vienne,86,Nouvelle-Aquitaine,75,12,2.500087253165825
07335,2024-12-18T00:00:00+00:00,190.0,6.0,83.0,56880.0,0,3120.0,101000.0,9.2,-0.1,POITIERS-BIARD,8.0,,,46.593833,0.314333,123,Poitiers,Vienne,86,Nouvelle-Aquitaine,75,12,2.500087253165825
07335,2024-12-28T21:00:00+00:00,160.0,2.4,100.0,500.0,45,30.0,101640.0,3.6,0.2,POITIERS-BIARD,3.7000000000000455,,,46.593833,0.314333,123,Poitiers,Vienne,86,Nouvelle-Aquitaine,75,12,2.500087253165825
07335,2024-12-29T03:00:00+00:00,220.0,1.1,100.0,5000.0,0,80.0,101640.0,1.9,0.2,POITIERS-BIARD,3.5,,,46.593833,0.314333,123,Poitiers,Vienne,86,Nouvelle-Aquitaine,75,12,2.500087253165825
07335,2024-12-21T06:00:00+00:00,290.0,2.8,95.0,60000.0,0,450.0,101000.0,4.1,1.0,POITIERS-BIARD,8.900000000000034,,,46.593833,0.314333,123,Poitiers,Vienne,86,Nouvelle-Aquitaine,75,12,2.500087253165825
07335,2024-12-23T18:00:00+00:00,290.0,3.2,77.0,54490.0,0,2760.0,101490.0,4.8,0.0,POITIERS-BIARD,6.400000000000034,,,46.593833,0.314333,123,Poitiers,Vienne,86,Nouvelle-Aquitaine,75,12,2.500087253165825
07335,2024-12-22T06:00:00+00:00,280.0,7.7,85.0,59120.0,0,800.0,100230.0,12.5,1.8,POITIERS-BIARD,10.400000000000034,,,46.593833,0.314333,123,Poitiers,Vienne,86,Nouvelle-Aquitaine,75,12,2.500087253165825
07335,2024-12-17T00:00:00+00:00,120.0,2.4,92.0,32510.0,0,250.0,101890.0,4.4,0.0,POITIERS-BIARD,6.900000000000034,,,46.593833,0.314333,123,Poitiers,Vienne,86,Nouvelle-Aquitaine,75,12,2.500087253165825
07335,2024-12-18T15:00:00+00:00,180.0,4.7,97.0,14610.0,0,150.0,100660.0,6.3,0.4,POITIERS-BIARD,11.100000000000023,,,46.593833,0.314333,123,Poitiers,Vienne,86,Nouvelle-Aquitaine,75,12,2.500087253165825
07335,2024-12-30T09:00:00+00:00,50.0,1.9,96.0,11810.0,0,150.0,101790.0,3.3,0.0,POITIERS-BIARD,2.7000000000000455,,,46.593833,0.314333,123,Poitiers,Vienne,86,Nouvelle-Aquitaine,75,12,2.500087253165825
07335,2024-12-30T18:00:00+00:00,140.0,2.1,97.0,8090.0,0,150.0,101650.0,4.4,0.0,POITIERS-BIARD,3.400000000000034,,,46.593833,0.314333,123,Poitiers,Vienne,86,Nouvelle-Aquitaine,75,12,2.500087253165825
07335,2024-12-25T09:00:00+00:00,0.0,0.0,99.0,2820.0,10,150.0,102000.0,1.8,0.4,POITIERS-BIARD,8.900000000000034,,,46.593833,0.314333,123,Poitiers,Vienne,86,Nouvelle-Aquitaine,75,12,2.500087253165825
07335,2024-12-25T15:00:00+00:00,50.0,2.1,98.0,3850.0,10,80.0,101860.0,4.0,0.2,POITIERS-BIARD,9.900000000000034,,,46.593833,0.314333,123,Poitiers,Vienne,86,Nouvelle-Aquitaine,75,12,2.500087253165825
07335,2024-12-27T21:00:00+00:00,180.0,1.0,99.0,270.0,45,30.0,101680.0,2.1,0.0,POITIERS-BIARD,2.1000000000000227,,,46.593833,0.314333,123,Poitiers,Vienne,86,Nouvelle-Aquitaine,75,12,2.500087253165825
07335,2024-12-20T03:00:00+00:00,300.0,2.8,92.0,50110.0,0,,101280.0,4.3,2.2,POITIERS-BIARD,2.0,,,46.593833,0.314333,123,Poitiers,Vienne,86,Nouvelle-Aquitaine,75,12,2.500087253165825
07335,2024-12-16T15:00:00+00:00,100.0,2.0,90.0,57330.0,0,250.0,102100.0,4.0,0.0,POITIERS-BIARD,7.900000000000034,,,46.593833,0.314333,123,Poitiers,Vienne,86,Nouvelle-Aquitaine,75,12,2.500087253165825
07335,2024-12-18T06:00:00+00:00,190.0,5.7,80.0,60000.0,0,450.0,100910.0,8.2,-0.1,POITIERS-BIARD,8.5,,,46.593833,0.314333,123,Poitiers,Vienne,86,Nouvelle-Aquitaine,75,12,2.500087253165825
07335,2024-12-29T00:00:00+00:00,160.0,1.6,100.0,4990.0,10,30.0,101640.0,2.2,0.2,POITIERS-BIARD,3.400000000000034,,,46.593833,0.314333,123,Poitiers,Vienne,86,Nouvelle-Aquitaine,75,12,2.500087253165825
07335,2024-12-27T00:00:00+00:00,40.0,1.7,96.0,10190.0,0,,101640.0,2.1,0.0,POITIERS-BIARD,1.0,,,46.593833,0.314333,123,Poitiers,Vienne,86,Nouvelle-Aquitaine,75,12,2.500087253165825
07335,2024-12-22T09:00:00+00:00,280.0,7.1,77.0,15780.0,0,800.0,100320.0,12.7,1.8,POITIERS-BIARD,9.700000000000045,,,46.593833,0.314333,123,Poitiers,Vienne,86,Nouvelle-Aquitaine,75,12,2.500087253165825
07335,2024-12-22T18:00:00+00:00,300.0,5.9,82.0,60000.0,0,1250.0,100500.0,10.1,3.0,POITIERS-BIARD,5.800000000000011,,,46.593833,0.314333,123,Poitiers,Vienne,86,Nouvelle-Aquitaine,75,12,2.500087253165825
07335,2024-12-26T00:00:00+00:00,50.0,3.0,98.0,39410.0,0,150.0,101800.0,5.2,0.2,POITIERS-BIARD,7.7000000000000455,,,46.593833,0.314333,123,Poitiers,Vienne,86,Nouvelle-Aquitaine,75,12,2.500087253165825
07335,2024-12-27T09:00:00+00:00,340.0,0.9,99.0,160.0,49,30.0,101790.0,1.6,0.0,POITIERS-BIARD,-0.6999999999999886,,,46.593833,0.314333,123,Poitiers,Vienne,86,Nouvelle-Aquitaine,75,12,2.500087253165825
07335,2024-12-24T09:00:00+00:00,310.0,0.5,99.0,1430.0,10,80.0,101430.0,1.3,1.2,POITIERS-BIARD,7.600000000000023,,,46.593833,0.314333,123,Poitiers,Vienne,86,Nouvelle-Aquitaine,75,12,2.500087253165825
07335,2024-12-24T15:00:00+00:00,40.0,1.2,97.0,27230.0,0,150.0,101570.0,2.2,1.4,POITIERS-BIARD,10.400000000000034,,,46.593833,0.314333,123,Poitiers,Vienne,86,Nouvelle-Aquitaine,75,12,2.500087253165825
07335,2024-12-27T06:00:00+00:00,170.0,2.5,99.0,240.0,49,30.0,101700.0,4.1,0.0,POITIERS-BIARD,-0.7999999999999545,,,46.593833,0.314333,123,Poitiers,Vienne,86,Nouvelle-Aquitaine,75,12,2.500087253165825
07335,2024-12-27T12:00:00+00:00,110.0,1.6,99.0,4400.0,10,80.0,101750.0,3.1,0.0,POITIERS-BIARD,1.400000000000034,,,46.593833,0.314333,123,Poitiers,Vienne,86,Nouvelle-Aquitaine,75,12,2.500087253165825
07335,2024-12-28T03:00:00+00:00,30.0,1.5,100.0,220.0,45,30.0,101640.0,2.4,0.0,POITIERS-BIARD,1.2000000000000455,,,46.593833,0.314333,123,Poitiers,Vienne,86,Nouvelle-Aquitaine,75,12,2.500087253165825
07335,2024-12-29T18:00:00+00:00,20.0,1.4,93.0,16050.0,0,250.0,101750.0,2.8,-0.1,POITIERS-BIARD,4.7000000000000455,,,46.593833,0.314333,123,Poitiers,Vienne,86,Nouvelle-Aquitaine,75,12,2.500087253165825
07335,2024-12-30T03:00:00+00:00,70.0,1.7,93.0,19630.0,0,250.0,101720.0,2.9,-0.1,POITIERS-BIARD,3.6000000000000227,,,46.593833,0.314333,123,Poitiers,Vienne,86,Nouvelle-Aquitaine,75,12,2.500087253165825
07335,2024-12-25T21:00:00+00:00,60.0,2.8,98.0,5940.0,0,80.0,101910.0,4.6,0.2,POITIERS-BIARD,8.600000000000023,,,46.593833,0.314333,123,Poitiers,Vienne,86,Nouvelle-Aquitaine,75,12,2.500087253165825
07335,2024-12-17T03:00:00+00:00,130.0,2.4,96.0,12620.0,0,150.0,101700.0,4.1,0.0,POITIERS-BIARD,5.7000000000000455,,,46.593833,0.314333,123,Poitiers,Vienne,86,Nouvelle-Aquitaine,75,12,2.500087253165825
07335,2024-12-21T03:00:00+00:00,220.0,6.4,96.0,7000.0,53,250.0,100950.0,8.5,0.6,POITIERS-BIARD,9.0,,,46.593833,0.314333,123,Poitiers,Vienne,86,Nouvelle-Aquitaine,75,12,2.500087253165825
07335,2024-12-26T21:00:00+00:00,40.0,2.4,90.0,29260.0,0,,101660.0,3.2,0.0,POITIERS-BIARD,2.3000000000000114,,,46.593833,0.314333,123,Poitiers,Vienne,86,Nouvelle-Aquitaine,75,12,2.500087253165825
07335,2024-12-27T18:00:00+00:00,130.0,1.6,99.0,3800.0,10,80.0,101690.0,2.6,0.0,POITIERS-BIARD,3.0,,,46.593833,0.314333,123,Poitiers,Vienne,86,Nouvelle-Aquitaine,75,12,2.500087253165825
07335,2024-12-16T03:00:00+00:00,180.0,1.6,98.0,8140.0,0,450.0,102510.0,2.2,0.0,POITIERS-BIARD,6.300000000000011,,,46.593833,0.314333,123,Poitiers,Vienne,86,Nouvelle-Aquitaine,75,12,2.500087253165825
07335,2024-12-18T18:00:00+00:00,200.0,5.3,91.0,51270.0,0,1750.0,100460.0,8.1,0.4,POITIERS-BIARD,11.300000000000011,,,46.593833,0.314333,123,Poitiers,Vienne,86,Nouvelle-Aquitaine,75,12,2.500087253165825
07335,2024-12-25T06:00:00+00:00,130.0,1.1,99.0,3170.0,10,150.0,101900.0,1.6,0.6,POITIERS-BIARD,8.400000000000034,,,46.593833,0.314333,123,Poitiers,Vienne,86,Nouvelle-Aquitaine,75,12,2.500087253165825
07335,2024-12-27T15:00:00+00:00,70.0,1.6,99.0,1280.0,10,80.0,101680.0,2.4,0.0,POITIERS-BIARD,2.6000000000000227,,,46.593833,0.314333,123,Poitiers,Vienne,86,Nouvelle-Aquitaine,75,12,2.500087253165825
07335,2024-12-19T12:00:00+00:00,310.0,9.7,73.0,32570.0,0,800.0,100080.0,16.0,9.1,POITIERS-BIARD,9.400000000000034,,,46.593833,0.314333,123,Poitiers,Vienne,86,Nouvelle-Aquitaine,75,12,2.500087253165825
07335,2024-12-19T15:00:00+00:00,300.0,4.3,78.0,45120.0,0,1250.0,100380.0,7.0,8.7,POITIERS-BIARD,6.800000000000011,,,46.593833,0.314333,123,Poitiers,Vienne,86,Nouvelle-Aquitaine,75,12,2.500087253165825
07335,2024-12-23T09:00:00+00:00,300.0,5.1,81.0,35340.0,0,2250.0,101300.0,7.4,1.4,POITIERS-BIARD,4.7000000000000455,,,46.593833,0.314333,123,Poitiers,Vienne,86,Nouvelle-Aquitaine,75,12,2.500087253165825
07335,2024-12-21T18:00:00+00:00,210.0,6.0,91.0,19520.0,0,450.0,101010.0,8.1,1.2,POITIERS-BIARD,9.5,,,46.593833,0.314333,123,Poitiers,Vienne,86,Nouvelle-Aquitaine,75,12,2.500087253165825
07335,2024-12-22T21:00:00+00:00,290.0,6.4,77.0,51010.0,0,1250.0,100650.0,10.0,3.0,POITIERS-BIARD,5.7000000000000455,,,46.593833,0.314333,123,Poitiers,Vienne,86,Nouvelle-Aquitaine,75,12,2.500087253165825
07335,2024-12-16T06:00:00+00:00,210.0,0.9,97.0,12040.0,0,450.0,102460.0,1.2,0.0,POITIERS-BIARD,6.2000000000000455,,,46.593833,0.314333,123,Poitiers,Vienne,86,Nouvelle-Aquitaine,75,12,2.500087253165825
07335,2024-12-18T21:00:00+00:00,210.0,8.0,84.0,60000.0,0,1250.0,100260.0,11.0,0.4,POITIERS-BIARD,11.800000000000011,,,46.593833,0.314333,123,Poitiers,Vienne,86,Nouvelle-Aquitaine,75,12,2.500087253165825
07335,2024-12-19T09:00:00+00:00,300.0,6.4,90.0,19490.0,61,450.0,99800.0,9.8,8.9,POITIERS-BIARD,8.600000000000023,,,46.593833,0.314333,123,Poitiers,Vienne,86,Nouvelle-Aquitaine,75,12,2.500087253165825
07335,2024-12-20T21:00:00+00:00,210.0,4.9,97.0,36830.0,0,250.0,101270.0,7.2,0.2,POITIERS-BIARD,7.300000000000011,,,46.593833,0.314333,123,Poitiers,Vienne,86,Nouvelle-Aquitaine,75,12,2.500087253165825
07335,2024-12-24T18:00:00+00:00,100.0,1.4,98.0,1990.0,10,30.0,101710.0,2.2,1.4,POITIERS-BIARD,10.0,,,46.593833,0.314333,123,Poitiers,Vienne,86,Nouvelle-Aquitaine,75,12,2.500087253165825
07335,2024-12-24T03:00:00+00:00,190.0,4.0,98.0,2810.0,10,80.0,101330.0,6.0,0.8,POITIERS-BIARD,6.0,,,46.593833,0.314333,123,Poitiers,Vienne,86,Nouvelle-Aquitaine,75,12,2.500087253165825
07335,2024-12-26T12:00:00+00:00,30.0,5.1,86.0,58390.0,0,450.0,101720.0,7.7,0.2,POITIERS-BIARD,7.5,,,46.593833,0.314333,123,Poitiers,Vienne,86,Nouvelle-Aquitaine,75,12,2.500087253165825
07335,2024-12-24T12:00:00+00:00,10.0,2.5,98.0,37740.0,0,80.0,101510.0,3.4,1.2,POITIERS-BIARD,9.5,,,46.593833,0.314333,123,Poitiers,Vienne,86,Nouvelle-Aquitaine,75,12,2.500087253165825
07335,2024-12-26T03:00:00+00:00,60.0,3.5,97.0,19800.0,0,150.0,101810.0,5.9,0.2,POITIERS-BIARD,7.7000000000000455,,,46.593833,0.314333,123,Poitiers,Vienne,86,Nouvelle-Aquitaine,75,12,2.500087253165825
07335,2024-12-20T18:00:00+00:00,200.0,4.3,93.0,39430.0,0,800.0,101280.0,6.2,0.2,POITIERS-BIARD,6.7000000000000455,,,46.593833,0.314333,123,Poitiers,Vienne,86,Nouvelle-Aquitaine,75,12,2.500087253165825
07335,2024-12-23T06:00:00+00:00,300.0,6.3,80.0,46300.0,0,,101040.0,9.3,1.4,POITIERS-BIARD,4.2000000000000455,,,46.593833,0.314333,123,Poitiers,Vienne,86,Nouvelle-Aquitaine,75,12,2.500087253165825
07335,2024-12-18T03:00:00+00:00,190.0,5.7,77.0,60000.0,0,2700.0,100920.0,8.0,-0.1,POITIERS-BIARD,8.600000000000023,,,46.593833,0.314333,123,Poitiers,Vienne,86,Nouvelle-Aquitaine,75,12,2.500087253165825
07335,2024-12-18T12:00:00+00:00,190.0,5.4,95.0,15690.0,0,150.0,100860.0,7.9,-0.1,POITIERS-BIARD,10.700000000000045,,,46.593833,0.314333,123,Poitiers,Vienne,86,Nouvelle-Aquitaine,75,12,2.500087253165825
07335,2024-12-20T15:00:00+00:00,220.0,5.1,77.0,60000.0,0,1250.0,101330.0,6.7,0.6,POITIERS-BIARD,8.200000000000045,,,46.593833,0.314333,123,Poitiers,Vienne,86,Nouvelle-Aquitaine,75,12,2.500087253165825
07335,2024-12-21T00:00:00+00:00,220.0,6.3,97.0,33890.0,0,800.0,101070.0,8.3,0.2,POITIERS-BIARD,7.600000000000023,,,46.593833,0.314333,123,Poitiers,Vienne,86,Nouvelle-Aquitaine,75,12,2.500087253165825
07335,2024-12-28T09:00:00+00:00,150.0,1.9,100.0,1170.0,10,30.0,101680.0,3.1,0.2,POITIERS-BIARD,1.3000000000000114,,,46.593833,0.314333,123,Poitiers,Vienne,86,Nouvelle-Aquitaine,75,12,2.500087253165825
07335,2024-12-29T15:00:00+00:00,50.0,1.1,97.0,9720.0,0,250.0,101700.0,1.7,-0.1,POITIERS-BIARD,4.900000000000034,,,46.593833,0.314333,123,Poitiers,Vienne,86,Nouvelle-Aquitaine,75,12,2.500087253165825
07335,2024-12-30T00:00:00+00:00,90.0,2.4,93.0,19620.0,0,250.0,101780.0,4.4,-0.1,POITIERS-BIARD,4.2000000000000455,,,46.593833,0.314333,123,Poitiers,Vienne,86,Nouvelle-Aquitaine,75,12,2.500087253165825
07335,2024-12-25T18:00:00+00:00,70.0,2.9,98.0,6940.0,0,80.0,101930.0,5.2,0.2,POITIERS-BIARD,9.0,,,46.593833,0.314333,123,Poitiers,Vienne,86,Nouvelle-Aquitaine,75,12,2.500087253165825
07335,2024-12-26T06:00:00+00:00,70.0,4.7,96.0,50600.0,0,150.0,101760.0,8.6,0.2,POITIERS-BIARD,7.0,,,46.593833,0.314333,123,Poitiers,Vienne,86,Nouvelle-Aquitaine,75,12,2.500087253165825
07335,2024-12-26T15:00:00+00:00,40.0,5.1,81.0,36230.0,0,450.0,101640.0,7.2,0.2,POITIERS-BIARD,7.600000000000023,,,46.593833,0.314333,123,Poitiers,Vienne,86,Nouvelle-Aquitaine,75,12,2.500087253165825
07335,2024-12-27T03:00:00+00:00,70.0,1.5,97.0,9900.0,0,,101650.0,2.6,0.0,POITIERS-BIARD,0.10000000000002274,,,46.593833,0.314333,123,Poitiers,Vienne,86,Nouvelle-Aquitaine,75,12,2.500087253165825
07335,2024-12-20T09:00:00+00:00,200.0,2.0,94.0,19220.0,0,,101530.0,2.4,0.8,POITIERS-BIARD,1.6000000000000227,,,46.593833,0.314333,123,Poitiers,Vienne,86,Nouvelle-Aquitaine,75,12,2.500087253165825
07335,2024-12-21T15:00:00+00:00,220.0,5.9,86.0,18810.0,0,800.0,101060.0,7.8,1.0,POITIERS-BIARD,10.0,,,46.593833,0.314333,123,Poitiers,Vienne,86,Nouvelle-Aquitaine,75,12,2.500087253165825
07335,2024-12-23T03:00:00+00:00,290.0,4.5,80.0,45150.0,0,1250.0,100920.0,7.1,2.8,POITIERS-BIARD,4.300000000000011,,,46.593833,0.314333,123,Poitiers,Vienne,86,Nouvelle-Aquitaine,75,12,2.500087253165825
07335,2024-12-31T00:00:00+00:00,180.0,1.9,97.0,9200.0,0,450.0,101700.0,2.4,0.0,POITIERS-BIARD,3.6000000000000227,,,46.593833,0.314333,123,Poitiers,Vienne,86,Nouvelle-Aquitaine,75,12,2.500087253165825
07335,2025-01-02T09:00:00+00:00,210.0,9.9,95.0,11750.0,61,250.0,100240.0,14.4,2.2,POITIERS-BIARD,8.800000000000011,,,46.593833,0.314333,123,Poitiers,Vienne,86,Nouvelle-Aquitaine,75,1,2.500087253165825
07335,2025-01-04T03:00:00+00:00,90.0,2.6,87.0,44830.0,0,2250.0,100480.0,4.7,0.0,POITIERS-BIARD,0.7000000000000455,,,46.593833,0.314333,123,Poitiers,Vienne,86,Nouvelle-Aquitaine,75,1,2.500087253165825
07335,2025-01-09T09:00:00+00:00,260.0,6.5,93.0,44220.0,0,450.0,98980.0,10.5,28.4,POITIERS-BIARD,11.5,,,46.593833,0.314333,123,Poitiers,Vienne,86,Nouvelle-Aquitaine,75,1,2.500087253165825
07335,2025-01-11T09:00:00+00:00,10.0,4.0,96.0,19960.0,0,150.0,101110.0,5.5,1.2,POITIERS-BIARD,2.6000000000000227,,,46.593833,0.314333,123,Poitiers,Vienne,86,Nouvelle-Aquitaine,75,1,2.500087253165825
07335,2025-01-14T09:00:00+00:00,10.0,2.4,94.0,11540.0,0,,102120.0,3.6,0.0,POITIERS-BIARD,-3.599999999999966,,,46.593833,0.314333,123,Poitiers,Vienne,86,Nouvelle-Aquitaine,75,1,2.500087253165825
07335,2024-12-31T18:00:00+00:00,180.0,2.0,97.0,8350.0,0,80.0,101580.0,3.3,0.0,POITIERS-BIARD,4.0,,,46.593833,0.314333,123,Poitiers,Vienne,86,Nouvelle-Aquitaine,75,12,2.500087253165825
07335,2025-01-03T09:00:00+00:00,60.0,4.0,96.0,10820.0,0,150.0,100980.0,6.7,17.8,POITIERS-BIARD,3.3000000000000114,,,46.593833,0.314333,123,Poitiers,Vienne,86,Nouvelle-Aquitaine,75,1,2.500087253165825
07335,2025-01-03T18:00:00+00:00,50.0,2.4,90.0,28310.0,0,,100910.0,3.8,0.0,POITIERS-BIARD,0.5,,,46.593833,0.314333,123,Poitiers,Vienne,86,Nouvelle-Aquitaine,75,1,2.500087253165825
07335,2025-01-04T00:00:00+00:00,80.0,3.8,87.0,46080.0,0,3060.0,100700.0,7.1,0.0,POITIERS-BIARD,1.1000000000000227,,,46.593833,0.314333,123,Poitiers,Vienne,86,Nouvelle-Aquitaine,75,1,2.500087253165825
07335,2025-01-05T12:00:00+00:00,200.0,8.0,77.0,32420.0,0,2640.0,98810.0,11.8,7.3,POITIERS-BIARD,12.5,,,46.593833,0.314333,123,Poitiers,Vienne,86,Nouvelle-Aquitaine,75,1,2.500087253165825
07335,2025-01-10T03:00:00+00:00,70.0,3.2,94.0,11020.0,61,150.0,100470.0,5.4,6.0,POITIERS-BIARD,4.2000000000000455,,,46.593833,0.314333,123,Poitiers,Vienne,86,Nouvelle-Aquitaine,75,1,2.500087253165825
07335,2025-01-11T18:00:00+00:00,60.0,3.4,90.0,24520.0,0,250.0,101720.0,5.8,0.0,POITIERS-BIARD,0.8000000000000114,,,46.593833,0.314333,123,Poitiers,Vienne,86,Nouvelle-Aquitaine,75,1,2.500087253165825
07335,2025-01-12T12:00:00+00:00,40.0,4.2,82.0,15640.0,0,450.0,102420.0,6.2,0.0,POITIERS-BIARD,2.6000000000000227,,,46.593833,0.314333,123,Poitiers,Vienne,86,Nouvelle-Aquitaine,75,1,2.500087253165825
07335,2025-01-06T06:00:00+00:00,200.0,12.8,77.0,52400.0,0,800.0,97610.0,21.9,1.4,POITIERS-BIARD,11.800000000000011,,,46.593833,0.314333,123,Poitiers,Vienne,86,Nouvelle-Aquitaine,75,1,2.500087253165825
07335,2024-12-31T12:00:00+00:00,160.0,2.8,88.0,40400.0,0,250.0,101730.0,4.3,0.0,POITIERS-BIARD,6.100000000000023,,,46.593833,0.314333,123,Poitiers,Vienne,86,Nouvelle-Aquitaine,75,12,2.500087253165825
07335,2025-01-02T15:00:00+00:00,350.0,3.8,97.0,9020.0,61,150.0,100430.0,5.7,19.0,POITIERS-BIARD,5.800000000000011,,,46.593833,0.314333,123,Poitiers,Vienne,86,Nouvelle-Aquitaine,75,1,2.500087253165825
07335,2025-01-03T06:00:00+00:00,30.0,2.6,96.0,8920.0,0,250.0,100890.0,3.8,20.0,POITIERS-BIARD,3.5,,,46.593833,0.314333,123,Poitiers,Vienne,86,Nouvelle-Aquitaine,75,1,2.500087253165825
07335,2025-01-11T12:00:00+00:00,10.0,5.3,91.0,19830.0,0,250.0,101330.0,6.8,0.2,POITIERS-BIARD,3.6000000000000227,,,46.593833,0.314333,123,Poitiers,Vienne,86,Nouvelle-Aquitaine,75,1,2.500087253165825
07335,2025-01-13T03:00:00+00:00,50.0,3.4,81.0,57600.0,0,,102350.0,5.5,0.0,POITIERS-BIARD,-1.099999999999966,,,46.593833,0.314333,123,Poitiers,Vienne,86,Nouvelle-Aquitaine,75,1,2.500087253165825
07335,2025-01-14T03:00:00+00:00,30.0,2.2,92.0,19100.0,0,,102090.0,2.8,0.0,POITIERS-BIARD,-4.099999999999966,,,46.593833,0.314333,123,Poitiers,Vienne,86,Nouvelle-Aquitaine,75,1,2.500087253165825
07335,2025-01-01T06:00:00+00:00,170.0,3.0,99.0,7390.0,0,80.0,101330.0,4.5,0.0,POITIERS-BIARD,0.8000000000000114,,,46.593833,0.314333,123,Poitiers,Vienne,86,Nouvelle-Aquitaine,75,1,2.500087253165825
07335,2025-01-04T12:00:00+00:00,150.0,1.6,98.0,1030.0,61,30.0,100010.0,2.8,0.2,POITIERS-BIARD,3.400000000000034,,,46.593833,0.314333,123,Poitiers,Vienne,86,Nouvelle-Aquitaine,75,1,2.500087253165825
07335,2025-01-14T00:00:00+00:00,10.0,2.5,92.0,17990.0,0,,102170.0,3.1,0.0,POITIERS-BIARD,-4.199999999999989,,,46.593833,0.314333,123,Poitiers,Vienne,86,Nouvelle-Aquitaine,75,1,2.500087253165825
07335,2025-01-14T15:00:00+00:00,20.0,3.3,62.0,29430.0,0,,101970.0,4.7,0.0,POITIERS-BIARD,3.5,,,46.593833,0.314333,123,Poitiers,Vienne,86,Nouvelle-Aquitaine,75,1,2.500087253165825
07335,2025-01-07T18:00:00+00:00,200.0,5.6,95.0,7800.0,60,250.0,99290.0,9.4,4.0,POITIERS-BIARD,8.600000000000023,,,46.593833,0.314333,123,Poitiers,Vienne,86,Nouvelle-Aquitaine,75,1,2.500087253165825
07335,2025-01-12T03:00:00+00:00,50.0,3.6,92.0,16900.0,0,250.0,102170.0,5.6,0.0,POITIERS-BIARD,0.20000000000004547,,,46.593833,0.314333,123,Poitiers,Vienne,86,Nouvelle-Aquitaine,75,1,2.500087253165825
07335,2025-01-13T12:00:00+00:00,40.0,4.5,72.0,34620.0,0,,102300.0,6.9,0.0,POITIERS-BIARD,2.1000000000000227,,,46.593833,0.314333,123,Poitiers,Vienne,86,Nouvelle-Aquitaine,75,1,2.500087253165825
07335,2025-01-08T21:00:00+00:00,220.0,8.0,90.0,18370.0,61,800.0,98760.0,13.7,11.4,POITIERS-BIARD,11.400000000000034,,,46.593833,0.314333,123,Poitiers,Vienne,86,Nouvelle-Aquitaine,75,1,2.500087253165825
07335,2025-01-02T00:00:00+00:00,210.0,7.9,90.0,35720.0,0,4860.0,100600.0,12.6,0.0,POITIERS-BIARD,7.400000000000034,,,46.593833,0.314333,123,Poitiers,Vienne,86,Nouvelle-Aquitaine,75,1,2.500087253165825
07335,2025-01-11T21:00:00+00:00,10.0,3.2,90.0,17940.0,0,250.0,101960.0,4.4,0.0,POITIERS-BIARD,-0.5999999999999659,,,46.593833,0.314333,123,Poitiers,Vienne,86,Nouvelle-Aquitaine,75,1,2.500087253165825
07335,2025-01-01T00:00:00+00:00,210.0,4.1,98.0,9820.0,0,150.0,101550.0,6.1,0.0,POITIERS-BIARD,2.5,,,46.593833,0.314333,123,Poitiers,Vienne,86,Nouvelle-Aquitaine,75,1,2.500087253165825
07335,2025-01-05T03:00:00+00:00,200.0,7.4,92.0,47020.0,0,1750.0,99300.0,9.9,6.3,POITIERS-BIARD,11.700000000000045,,,46.593833,0.314333,123,Poitiers,Vienne,86,Nouvelle-Aquitaine,75,1,2.500087253165825
07335,2025-01-07T09:00:00+00:00,200.0,4.6,96.0,39950.0,0,1750.0,99610.0,5.9,1.2,POITIERS-BIARD,4.800000000000011,,,46.593833,0.314333,123,Poitiers,Vienne,86,Nouvelle-Aquitaine,75,1,2.500087253165825
07335,2025-01-07T12:00:00+00:00,200.0,6.2,85.0,60000.0,0,1250.0,99600.0,9.2,0.8,POITIERS-BIARD,8.400000000000034,,,46.593833,0.314333,123,Poitiers,Vienne,86,Nouvelle-Aquitaine,75,1,2.500087253165825
07335,2025-01-13T00:00:00+00:00,50.0,4.3,73.0,60000.0,0,800.0,102510.0,6.6,0.0,POITIERS-BIARD,0.6000000000000227,,,46.593833,0.314333,123,Poitiers,Vienne,86,Nouvelle-Aquitaine,75,1,2.500087253165825
07335,2025-01-14T06:00:00+00:00,20.0,1.6,95.0,11490.0,0,,102130.0,2.0,0.0,POITIERS-BIARD,-5.0,,,46.593833,0.314333,123,Poitiers,Vienne,86,Nouvelle-Aquitaine,75,1,2.500087253165825
07335,2025-01-13T06:00:00+00:00,60.0,3.4,85.0,52860.0,0,,102340.0,6.0,0.0,POITIERS-BIARD,-1.599999999999966,,,46.593833,0.314333,123,Poitiers,Vienne,86,Nouvelle-Aquitaine,75,1,2.500087253165825
07335,2024-12-31T09:00:00+00:00,150.0,0.9,96.0,15210.0,0,150.0,101780.0,1.8,0.0,POITIERS-BIARD,4.300000000000011,,,46.593833,0.314333,123,Poitiers,Vienne,86,Nouvelle-Aquitaine,75,12,2.500087253165825
07335,2025-01-02T18:00:00+00:00,300.0,2.1,97.0,25510.0,0,450.0,100670.0,3.1,20.0,POITIERS-BIARD,5.5,,,46.593833,0.314333,123,Poitiers,Vienne,86,Nouvelle-Aquitaine,75,1,2.500087253165825
07335,2025-01-03T21:00:00+00:00,50.0,2.8,93.0,19680.0,0,3840.0,100840.0,4.5,0.0,POITIERS-BIARD,-0.19999999999998863,,,46.593833,0.314333,123,Poitiers,Vienne,86,Nouvelle-Aquitaine,75,1,2.500087253165825
07335,2025-01-04T21:00:00+00:00,220.0,7.0,95.0,27480.0,0,450.0,99590.0,9.4,6.3,POITIERS-BIARD,11.400000000000034,,,46.593833,0.314333,123,Poitiers,Vienne,86,Nouvelle-Aquitaine,75,1,2.500087253165825
07335,2025-01-08T03:00:00+00:00,220.0,2.8,100.0,5210.0,60,450.0,99070.0,4.5,7.4,POITIERS-BIARD,9.900000000000034,,,46.593833,0.314333,123,Poitiers,Vienne,86,Nouvelle-Aquitaine,75,1,2.500087253165825
07335,2025-01-12T18:00:00+00:00,50.0,4.9,71.0,60000.0,0,800.0,102450.0,8.0,0.0,POITIERS-BIARD,3.2000000000000455,,,46.593833,0.314333,123,Poitiers,Vienne,86,Nouvelle-Aquitaine,75,1,2.500087253165825
07335,2025-01-13T18:00:00+00:00,10.0,4.1,84.0,30870.0,0,,102200.0,5.8,0.0,POITIERS-BIARD,-0.39999999999997726,,,46.593833,0.314333,123,Poitiers,Vienne,86,Nouvelle-Aquitaine,75,1,2.500087253165825
07335,2025-01-05T06:00:00+00:00,200.0,8.4,91.0,19610.0,0,2880.0,99130.0,11.5,6.7,POITIERS-BIARD,11.0,,,46.593833,0.314333,123,Poitiers,Vienne,86,Nouvelle-Aquitaine,75,1,2.500087253165825
07335,2025-01-06T09:00:00+00:00,240.0,9.9,89.0,19730.0,0,450.0,98080.0,16.7,1.6,POITIERS-BIARD,9.800000000000011,,,46.593833,0.314333,123,Poitiers,Vienne,86,Nouvelle-Aquitaine,75,1,2.500087253165825
07335,2025-01-06T15:00:00+00:00,260.0,6.6,63.0,32840.0,0,6780.0,98810.0,10.6,2.0,POITIERS-BIARD,9.700000000000045,,,46.593833,0.314333,123,Poitiers,Vienne,86,Nouvelle-Aquitaine,75,1,2.500087253165825
07335,2025-01-07T03:00:00+00:00,220.0,5.3,95.0,60000.0,0,,99360.0,6.9,2.0,POITIERS-BIARD,4.100000000000023,,,46.593833,0.314333,123,Poitiers,Vienne,86,Nouvelle-Aquitaine,75,1,2.500087253165825
07335,2025-01-08T09:00:00+00:00,190.0,7.1,91.0,55030.0,0,800.0,99050.0,10.3,10.0,POITIERS-BIARD,12.400000000000034,,,46.593833,0.314333,123,Poitiers,Vienne,86,Nouvelle-Aquitaine,75,1,2.500087253165825
07335,2024-12-31T03:00:00+00:00,0.0,0.0,97.0,12020.0,0,450.0,101690.0,0.9,0.0,POITIERS-BIARD,3.7000000000000455,,,46.593833,0.314333,123,Poitiers,Vienne,86,Nouvelle-Aquitaine,75,12,2.500087253165825
07335,2025-01-02T21:00:00+00:00,330.0,1.7,98.0,7960.0,0,150.0,100810.0,2.6,20.0,POITIERS-BIARD,5.400000000000034,,,46.593833,0.314333,123,Poitiers,Vienne,86,Nouvelle-Aquitaine,75,1,2.500087253165825
07335,2025-01-06T03:00:00+00:00,190.0,12.0,76.0,59360.0,0,2250.0,97770.0,19.2,1.4,POITIERS-BIARD,12.0,,,46.593833,0.314333,123,Poitiers,Vienne,86,Nouvelle-Aquitaine,75,1,2.500087253165825
07335,2025-01-01T18:00:00+00:00,200.0,6.8,93.0,16490.0,0,450.0,100840.0,9.6,0.0,POITIERS-BIARD,4.5,,,46.593833,0.314333,123,Poitiers,Vienne,86,Nouvelle-Aquitaine,75,1,2.500087253165825
07335,2025-01-05T00:00:00+00:00,210.0,8.2,94.0,34030.0,0,250.0,99480.0,11.6,6.3,POITIERS-BIARD,11.800000000000011,,,46.593833,0.314333,123,Poitiers,Vienne,86,Nouvelle-Aquitaine,75,1,2.500087253165825
07335,2025-01-07T00:00:00+00:00,220.0,6.5,89.0,18720.0,60,800.0,99320.0,9.6,2.2,POITIERS-BIARD,6.0,,,46.593833,0.314333,123,Poitiers,Vienne,86,Nouvelle-Aquitaine,75,1,2.500087253165825
07335,2025-01-08T12:00:00+00:00,200.0,9.1,75.0,44510.0,0,2250.0,98860.0,13.0,10.0,POITIERS-BIARD,13.900000000000034,,,46.593833,0.314333,123,Poitiers,Vienne,86,Nouvelle-Aquitaine,75,1,2.500087253165825
07335,2025-01-09T03:00:00+00:00,230.0,13.7,92.0,5530.0,61,450.0,98450.0,22.2,26.6,POITIERS-BIARD,12.400000000000034,,,46.593833,0.314333,123,Poitiers,Vienne,86,Nouvelle-Aquitaine,75,1,2.500087253165825
07335,2025-01-11T15:00:00+00:00,20.0,4.6,87.0,26490.0,0,450.0,101530.0,7.8,0.0,POITIERS-BIARD,2.900000000000034,,,46.593833,0.314333,123,Poitiers,Vienne,86,Nouvelle-Aquitaine,75,1,2.500087253165825
07335,2025-01-12T21:00:00+00:00,40.0,4.1,75.0,60000.0,0,800.0,102560.0,6.0,0.0,POITIERS-BIARD,1.3000000000000114,,,46.593833,0.314333,123,Poitiers,Vienne,86,Nouvelle-Aquitaine,75,1,2.500087253165825
07335,2025-01-13T21:00:00+00:00,20.0,3.0,92.0,14540.0,0,,102150.0,3.9,0.0,POITIERS-BIARD,0.0,,,46.593833,0.314333,123,Poitiers,Vienne,86,Nouvelle-Aquitaine,75,1,2.500087253165825
07335,2025-01-14T18:00:00+00:00,30.0,2.6,84.0,7260.0,0,,102010.0,3.1,0.0,POITIERS-BIARD,-0.7999999999999545,,,46.593833,0.314333,123,Poitiers,Vienne,86,Nouvelle-Aquitaine,75,1,2.500087253165825
07335,2025-01-14T21:00:00+00:00,30.0,3.4,89.0,10270.0,0,,102080.0,4.4,0.0,POITIERS-BIARD,-1.8999999999999773,,,46.593833,0.314333,123,Poitiers,Vienne,86,Nouvelle-Aquitaine,75,1,2.500087253165825
07335,2024-12-31T06:00:00+00:00,350.0,1.4,97.0,10570.0,0,250.0,101690.0,2.1,0.0,POITIERS-BIARD,3.6000000000000227,,,46.593833,0.314333,123,Poitiers,Vienne,86,Nouvelle-Aquitaine,75,12,2.500087253165825
07335,2025-01-03T00:00:00+00:00,10.0,1.8,98.0,5940.0,0,80.0,100910.0,2.7,20.0,POITIERS-BIARD,5.2000000000000455,,,46.593833,0.314333,123,Poitiers,Vienne,86,Nouvelle-Aquitaine,75,1,2.500087253165825
07335,2025-01-03T12:00:00+00:00,70.0,4.6,86.0,47940.0,0,450.0,100970.0,7.5,7.7,POITIERS-BIARD,3.900000000000034,,,46.593833,0.314333,123,Poitiers,Vienne,86,Nouvelle-Aquitaine,75,1,2.500087253165825
07335,2025-01-09T12:00:00+00:00,330.0,8.2,86.0,42820.0,0,450.0,99660.0,11.3,29.0,POITIERS-BIARD,7.800000000000011,,,46.593833,0.314333,123,Poitiers,Vienne,86,Nouvelle-Aquitaine,75,1,2.500087253165825
07335,2025-01-01T15:00:00+00:00,190.0,8.0,94.0,15050.0,0,150.0,100940.0,10.8,0.0,POITIERS-BIARD,3.3000000000000114,,,46.593833,0.314333,123,Poitiers,Vienne,86,Nouvelle-Aquitaine,75,1,2.500087253165825
07335,2025-01-02T12:00:00+00:00,330.0,4.3,97.0,8110.0,61,150.0,100350.0,5.9,12.3,POITIERS-BIARD,6.5,,,46.593833,0.314333,123,Poitiers,Vienne,86,Nouvelle-Aquitaine,75,1,2.500087253165825
07335,2025-01-03T03:00:00+00:00,40.0,3.3,98.0,7680.0,0,150.0,100910.0,5.0,20.0,POITIERS-BIARD,4.2000000000000455,,,46.593833,0.314333,123,Poitiers,Vienne,86,Nouvelle-Aquitaine,75,1,2.500087253165825
07335,2025-01-04T15:00:00+00:00,190.0,3.4,100.0,8020.0,58,80.0,99680.0,4.9,3.4,POITIERS-BIARD,7.5,,,46.593833,0.314333,123,Poitiers,Vienne,86,Nouvelle-Aquitaine,75,1,2.500087253165825
07335,2025-01-12T09:00:00+00:00,50.0,3.6,83.0,34910.0,0,,102400.0,5.7,0.0,POITIERS-BIARD,1.0,,,46.593833,0.314333,123,Poitiers,Vienne,86,Nouvelle-Aquitaine,75,1,2.500087253165825
07335,2025-01-13T15:00:00+00:00,40.0,5.3,63.0,32750.0,0,,102200.0,7.9,0.0,POITIERS-BIARD,3.400000000000034,,,46.593833,0.314333,123,Poitiers,Vienne,86,Nouvelle-Aquitaine,75,1,2.500087253165825
07335,2025-01-09T06:00:00+00:00,250.0,8.0,92.0,17600.0,0,450.0,98520.0,13.7,29.8,POITIERS-BIARD,11.900000000000034,,,46.593833,0.314333,123,Poitiers,Vienne,86,Nouvelle-Aquitaine,75,1,2.500087253165825
07335,2025-01-06T21:00:00+00:00,220.0,7.1,88.0,13750.0,0,800.0,99190.0,11.3,2.0,POITIERS-BIARD,6.600000000000023,,,46.593833,0.314333,123,Poitiers,Vienne,86,Nouvelle-Aquitaine,75,1,2.500087253165825
07335,2025-01-03T15:00:00+00:00,80.0,3.6,79.0,54130.0,0,800.0,100900.0,6.2,1.0,POITIERS-BIARD,3.5,,,46.593833,0.314333,123,Poitiers,Vienne,86,Nouvelle-Aquitaine,75,1,2.500087253165825
07335,2024-12-31T21:00:00+00:00,190.0,3.5,99.0,1960.0,10,80.0,101550.0,5.8,0.0,POITIERS-BIARD,2.900000000000034,,,46.593833,0.314333,123,Poitiers,Vienne,86,Nouvelle-Aquitaine,75,12,2.500087253165825
07335,2025-01-04T06:00:00+00:00,90.0,2.1,88.0,38180.0,0,1250.0,100280.0,4.2,0.0,POITIERS-BIARD,0.7000000000000455,,,46.593833,0.314333,123,Poitiers,Vienne,86,Nouvelle-Aquitaine,75,1,2.500087253165825
07335,2025-01-05T15:00:00+00:00,190.0,7.7,71.0,49200.0,0,3840.0,98550.0,11.2,4.1,POITIERS-BIARD,12.900000000000034,,,46.593833,0.314333,123,Poitiers,Vienne,86,Nouvelle-Aquitaine,75,1,2.500087253165825
07335,2025-01-08T15:00:00+00:00,210.0,10.5,91.0,13170.0,61,800.0,98800.0,16.2,12.2,POITIERS-BIARD,11.800000000000011,,,46.593833,0.314333,123,Poitiers,Vienne,86,Nouvelle-Aquitaine,75,1,2.500087253165825
07335,2025-01-09T15:00:00+00:00,310.0,5.9,73.0,59980.0,0,1750.0,100220.0,8.9,26.2,POITIERS-BIARD,7.400000000000034,,,46.593833,0.314333,123,Poitiers,Vienne,86,Nouvelle-Aquitaine,75,1,2.500087253165825
07335,2025-01-10T00:00:00+00:00,90.0,0.9,91.0,11050.0,0,1750.0,100630.0,1.7,23.0,POITIERS-BIARD,5.2000000000000455,,,46.593833,0.314333,123,Poitiers,Vienne,86,Nouvelle-Aquitaine,75,1,2.500087253165825
07335,2025-01-10T15:00:00+00:00,80.0,1.5,98.0,17250.0,0,80.0,100130.0,2.3,9.1,POITIERS-BIARD,5.5,,,46.593833,0.314333,123,Poitiers,Vienne,86,Nouvelle-Aquitaine,75,1,2.500087253165825
07335,2025-01-08T18:00:00+00:00,210.0,9.1,91.0,43080.0,0,450.0,98780.0,13.4,11.0,POITIERS-BIARD,12.200000000000045,,,46.593833,0.314333,123,Poitiers,Vienne,86,Nouvelle-Aquitaine,75,1,2.500087253165825
07335,2025-01-09T21:00:00+00:00,200.0,1.5,93.0,19990.0,0,3540.0,100700.0,2.0,24.2,POITIERS-BIARD,4.5,,,46.593833,0.314333,123,Poitiers,Vienne,86,Nouvelle-Aquitaine,75,1,2.500087253165825
07335,2025-01-10T21:00:00+00:00,60.0,2.8,99.0,15560.0,0,150.0,100460.0,4.7,9.1,POITIERS-BIARD,4.300000000000011,,,46.593833,0.314333,123,Poitiers,Vienne,86,Nouvelle-Aquitaine,75,1,2.500087253165825
07335,2025-01-01T12:00:00+00:00,190.0,7.6,98.0,2800.0,10,80.0,101150.0,10.9,0.0,POITIERS-BIARD,2.0,,,46.593833,0.314333,123,Poitiers,Vienne,86,Nouvelle-Aquitaine,75,1,2.500087253165825
07335,2025-01-12T06:00:00+00:00,50.0,3.9,85.0,47700.0,0,450.0,102250.0,6.9,0.0,POITIERS-BIARD,0.8000000000000114,,,46.593833,0.314333,123,Poitiers,Vienne,86,Nouvelle-Aquitaine,75,1,2.500087253165825
07335,2025-01-13T09:00:00+00:00,30.0,5.0,85.0,49250.0,0,,102400.0,8.0,0.0,POITIERS-BIARD,-0.8999999999999773,,,46.593833,0.314333,123,Poitiers,Vienne,86,Nouvelle-Aquitaine,75,1,2.500087253165825
07335,2025-01-02T03:00:00+00:00,200.0,9.4,84.0,57960.0,0,4740.0,100460.0,13.1,0.0,POITIERS-BIARD,7.7000000000000455,,,46.593833,0.314333,123,Poitiers,Vienne,86,Nouvelle-Aquitaine,75,1,2.500087253165825
07335,2025-01-05T18:00:00+00:00,180.0,8.5,74.0,60000.0,0,3480.0,98330.0,14.8,2.5,POITIERS-BIARD,12.100000000000023,,,46.593833,0.314333,123,Poitiers,Vienne,86,Nouvelle-Aquitaine,75,1,2.500087253165825
07335,2025-01-09T00:00:00+00:00,220.0,8.5,93.0,59250.0,0,450.0,98640.0,12.8,12.0,POITIERS-BIARD,11.5,,,46.593833,0.314333,123,Poitiers,Vienne,86,Nouvelle-Aquitaine,75,1,2.500087253165825
07335,2025-01-12T00:00:00+00:00,10.0,4.0,93.0,12310.0,0,250.0,102100.0,5.5,0.0,POITIERS-BIARD,-0.39999999999997726,,,46.593833,0.314333,123,Poitiers,Vienne,86,Nouvelle-Aquitaine,75,1,2.500087253165825
07335,2025-01-02T06:00:00+00:00,200.0,10.1,88.0,38490.0,0,800.0,100280.0,13.7,0.0,POITIERS-BIARD,7.800000000000011,,,46.593833,0.314333,123,Poitiers,Vienne,86,Nouvelle-Aquitaine,75,1,2.500087253165825
07335,2025-01-14T12:00:00+00:00,10.0,3.1,79.0,14780.0,0,,102080.0,4.6,0.0,POITIERS-BIARD,0.10000000000002274,,,46.593833,0.314333,123,Poitiers,Vienne,86,Nouvelle-Aquitaine,75,1,2.500087253165825
07335,2025-01-07T21:00:00+00:00,170.0,4.6,96.0,4200.0,10,150.0,99140.0,7.7,4.2,POITIERS-BIARD,7.7000000000000455,,,46.593833,0.314333,123,Poitiers,Vienne,86,Nouvelle-Aquitaine,75,1,2.500087253165825
07335,2025-01-11T03:00:00+00:00,30.0,4.2,96.0,35330.0,0,150.0,100680.0,6.7,8.7,POITIERS-BIARD,3.8000000000000114,,,46.593833,0.314333,123,Poitiers,Vienne,86,Nouvelle-Aquitaine,75,1,2.500087253165825
07335,2025-01-01T21:00:00+00:00,200.0,7.0,89.0,36100.0,0,5760.0,100780.0,11.2,0.0,POITIERS-BIARD,6.0,,,46.593833,0.314333,123,Poitiers,Vienne,86,Nouvelle-Aquitaine,75,1,2.500087253165825
07335,2025-01-05T09:00:00+00:00,190.0,6.9,88.0,43180.0,0,1250.0,98990.0,10.2,7.5,POITIERS-BIARD,10.700000000000045,,,46.593833,0.314333,123,Poitiers,Vienne,86,Nouvelle-Aquitaine,75,1,2.500087253165825
07335,2025-01-08T00:00:00+00:00,0.0,0.0,98.0,4380.0,63,150.0,99020.0,0.7,4.6,POITIERS-BIARD,8.100000000000023,,,46.593833,0.314333,123,Poitiers,Vienne,86,Nouvelle-Aquitaine,75,1,2.500087253165825
07335,2025-01-10T18:00:00+00:00,30.0,1.3,99.0,700.0,45,30.0,100350.0,2.0,9.1,POITIERS-BIARD,5.400000000000034,,,46.593833,0.314333,123,Poitiers,Vienne,86,Nouvelle-Aquitaine,75,1,2.500087253165825
07335,2025-01-11T00:00:00+00:00,50.0,3.0,97.0,41780.0,0,250.0,100550.0,4.3,9.1,POITIERS-BIARD,3.8000000000000114,,,46.593833,0.314333,123,Poitiers,Vienne,86,Nouvelle-Aquitaine,75,1,2.500087253165825
07335,2025-01-05T21:00:00+00:00,180.0,11.1,80.0,60000.0,0,1750.0,98180.0,16.1,1.2,POITIERS-BIARD,11.800000000000011,,,46.593833,0.314333,123,Poitiers,Vienne,86,Nouvelle-Aquitaine,75,1,2.500087253165825
07335,2025-01-10T12:00:00+00:00,80.0,2.6,97.0,14210.0,60,150.0,100070.0,5.2,8.9,POITIERS-BIARD,4.5,,,46.593833,0.314333,123,Poitiers,Vienne,86,Nouvelle-Aquitaine,75,1,2.500087253165825
07335,2024-12-31T15:00:00+00:00,210.0,2.8,90.0,43770.0,0,250.0,101640.0,4.5,0.0,POITIERS-BIARD,6.0,,,46.593833,0.314333,123,Poitiers,Vienne,86,Nouvelle-Aquitaine,75,12,2.500087253165825
07335,2025-01-10T09:00:00+00:00,100.0,3.2,97.0,11380.0,51,150.0,100040.0,6.0,8.5,POITIERS-BIARD,4.100000000000023,,,46.593833,0.314333,123,Poitiers,Vienne,86,Nouvelle-Aquitaine,75,1,2.500087253165825
07335,2025-01-04T18:00:00+00:00,230.0,9.6,96.0,6980.0,61,250.0,99630.0,14.2,5.0,POITIERS-BIARD,11.800000000000011,,,46.593833,0.314333,123,Poitiers,Vienne,86,Nouvelle-Aquitaine,75,1,2.500087253165825
07335,2025-01-06T00:00:00+00:00,190.0,11.0,74.0,60000.0,0,2820.0,98000.0,16.3,1.2,POITIERS-BIARD,12.200000000000045,,,46.593833,0.314333,123,Poitiers,Vienne,86,Nouvelle-Aquitaine,75,1,2.500087253165825
07335,2025-01-06T18:00:00+00:00,220.0,5.9,84.0,60000.0,0,,98990.0,8.0,2.0,POITIERS-BIARD,6.600000000000023,,,46.593833,0.314333,123,Poitiers,Vienne,86,Nouvelle-Aquitaine,75,1,2.500087253165825
07335,2025-01-01T03:00:00+00:00,170.0,2.9,99.0,950.0,45,30.0,101430.0,4.5,0.0,POITIERS-BIARD,0.9000000000000341,,,46.593833,0.314333,123,Poitiers,Vienne,86,Nouvelle-Aquitaine,75,1,2.500087253165825
07335,2025-01-01T09:00:00+00:00,180.0,4.1,99.0,1640.0,10,30.0,101290.0,8.7,0.0,POITIERS-BIARD,0.8000000000000114,,,46.593833,0.314333,123,Poitiers,Vienne,86,Nouvelle-Aquitaine,75,1,2.500087253165825
07335,2025-01-04T09:00:00+00:00,90.0,1.9,96.0,2840.0,10,80.0,100170.0,3.4,0.0,POITIERS-BIARD,1.0,,,46.593833,0.314333,123,Poitiers,Vienne,86,Nouvelle-Aquitaine,75,1,2.500087253165825
07335,2025-01-09T18:00:00+00:00,290.0,1.0,83.0,60000.0,0,3900.0,100500.0,1.5,24.8,POITIERS-BIARD,5.900000000000034,,,46.593833,0.314333,123,Poitiers,Vienne,86,Nouvelle-Aquitaine,75,1,2.500087253165825
07335,2025-01-08T06:00:00+00:00,240.0,9.5,92.0,10610.0,60,450.0,99060.0,14.4,8.6,POITIERS-BIARD,13.300000000000011,,,46.593833,0.314333,123,Poitiers,Vienne,86,Nouvelle-Aquitaine,75,1,2.500087253165825
07335,2025-01-10T06:00:00+00:00,90.0,3.9,97.0,4600.0,61,150.0,100170.0,7.5,4.0,POITIERS-BIARD,4.2000000000000455,,,46.593833,0.314333,123,Poitiers,Vienne,86,Nouvelle-Aquitaine,75,1,2.500087253165825
07335,2025-01-07T06:00:00+00:00,210.0,5.3,96.0,60000.0,0,1250.0,99470.0,6.4,2.2,POITIERS-BIARD,4.0,,,46.593833,0.314333,123,Poitiers,Vienne,86,Nouvelle-Aquitaine,75,1,2.500087253165825
07335,2025-01-07T15:00:00+00:00,190.0,4.8,94.0,11710.0,61,450.0,99330.0,7.1,1.4,POITIERS-BIARD,8.600000000000023,,,46.593833,0.314333,123,Poitiers,Vienne,86,Nouvelle-Aquitaine,75,1,2.500087253165825
07335,2025-01-11T06:00:00+00:00,20.0,3.3,95.0,40070.0,0,250.0,100760.0,4.7,5.7,POITIERS-BIARD,3.3000000000000114,,,46.593833,0.314333,123,Poitiers,Vienne,86,Nouvelle-Aquitaine,75,1,2.500087253165825
07335,2025-01-12T15:00:00+00:00,40.0,6.0,68.0,57410.0,0,800.0,102370.0,11.0,0.0,POITIERS-BIARD,4.2000000000000455,,,46.593833,0.314333,123,Poitiers,Vienne,86,Nouvelle-Aquitaine,75,1,2.500087253165825
07335,2025-01-06T12:00:00+00:00,260.0,7.4,73.0,29590.0,0,800.0,98540.0,12.2,2.0,POITIERS-BIARD,10.800000000000011,,,46.593833,0.314333,123,Poitiers,Vienne,86,Nouvelle-Aquitaine,75,1,2.500087253165825
07335,2025-01-23T15:00:00+00:00,220.0,5.0,81.0,60000.0,0,800.0,100100.0,7.7,10.5,POITIERS-BIARD,9.0,,,46.593833,0.314333,123,Poitiers,Vienne,86,Nouvelle-Aquitaine,75,1,2.500087253165825
07335,2025-01-20T03:00:00+00:00,60.0,2.9,98.0,4650.0,10,80.0,100310.0,5.0,0.0,POITIERS-BIARD,-1.3999999999999773,,,46.593833,0.314333,123,Poitiers,Vienne,86,Nouvelle-Aquitaine,75,1,2.500087253165825
07335,2025-01-29T18:00:00+00:00,180.0,6.0,86.0,60000.0,0,1750.0,98930.0,10.7,3.6,POITIERS-BIARD,8.200000000000045,,,46.593833,0.314333,123,Poitiers,Vienne,86,Nouvelle-Aquitaine,75,1,2.500087253165825
07335,2025-01-31T03:00:00+00:00,300.0,1.4,95.0,13680.0,0,,101480.0,2.3,0.0,POITIERS-BIARD,0.6000000000000227,,,46.593833,0.314333,123,Poitiers,Vienne,86,Nouvelle-Aquitaine,75,1,2.500087253165825
07335,2025-01-31T18:00:00+00:00,180.0,3.9,89.0,18520.0,62,800.0,101160.0,6.2,0.8,POITIERS-BIARD,6.100000000000023,,,46.593833,0.314333,123,Poitiers,Vienne,86,Nouvelle-Aquitaine,75,1,2.500087253165825
07335,2025-01-24T15:00:00+00:00,200.0,7.2,71.0,59400.0,0,2250.0,99410.0,10.8,0.0,POITIERS-BIARD,12.800000000000011,,,46.593833,0.314333,123,Poitiers,Vienne,86,Nouvelle-Aquitaine,75,1,2.500087253165825
07335,2025-01-25T00:00:00+00:00,210.0,8.6,69.0,60000.0,0,1750.0,99210.0,15.8,0.0,POITIERS-BIARD,11.800000000000011,,,46.593833,0.314333,123,Poitiers,Vienne,86,Nouvelle-Aquitaine,75,1,2.500087253165825
07335,2025-01-27T03:00:00+00:00,210.0,8.0,93.0,60000.0,0,450.0,98060.0,11.5,3.8,POITIERS-BIARD,11.400000000000034,,,46.593833,0.314333,123,Poitiers,Vienne,86,Nouvelle-Aquitaine,75,1,2.500087253165825
07335,2025-01-15T18:00:00+00:00,10.0,2.9,97.0,940.0,45,30.0,101830.0,3.8,0.0,POITIERS-BIARD,3.3000000000000114,,,46.593833,0.314333,123,Poitiers,Vienne,86,Nouvelle-Aquitaine,75,1,2.500087253165825
07335,2025-01-24T09:00:00+00:00,190.0,6.8,79.0,48400.0,0,2250.0,99690.0,10.3,0.0,POITIERS-BIARD,8.0,,,46.593833,0.314333,123,Poitiers,Vienne,86,Nouvelle-Aquitaine,75,1,2.500087253165825
07335,2025-01-18T12:00:00+00:00,40.0,2.3,98.0,11080.0,0,250.0,101240.0,3.9,0.0,POITIERS-BIARD,-0.2999999999999545,,,46.593833,0.314333,123,Poitiers,Vienne,86,Nouvelle-Aquitaine,75,1,2.500087253165825
07335,2025-01-29T21:00:00+00:00,180.0,5.6,86.0,60000.0,0,4920.0,99020.0,9.6,3.8,POITIERS-BIARD,7.7000000000000455,,,46.593833,0.314333,123,Poitiers,Vienne,86,Nouvelle-Aquitaine,75,1,2.500087253165825
07335,2025-01-25T06:00:00+00:00,200.0,5.0,81.0,60000.0,0,800.0,99190.0,7.0,0.0,POITIERS-BIARD,11.0,,,46.593833,0.314333,123,Poitiers,Vienne,86,Nouvelle-Aquitaine,75,1,2.500087253165825
07335,2025-01-25T18:00:00+00:00,220.0,11.4,84.0,56900.0,0,450.0,99240.0,17.9,4.8,POITIERS-BIARD,9.5,,,46.593833,0.314333,123,Poitiers,Vienne,86,Nouvelle-Aquitaine,75,1,2.500087253165825
07335,2025-01-30T03:00:00+00:00,100.0,2.6,89.0,60000.0,0,3060.0,99320.0,4.2,3.8,POITIERS-BIARD,5.100000000000023,,,46.593833,0.314333,123,Poitiers,Vienne,86,Nouvelle-Aquitaine,75,1,2.500087253165825
07335,2025-01-17T06:00:00+00:00,320.0,1.2,98.0,1980.0,10,,101980.0,1.5,0.0,POITIERS-BIARD,-2.8999999999999773,,,46.593833,0.314333,123,Poitiers,Vienne,86,Nouvelle-Aquitaine,75,1,2.500087253165825
07335,2025-01-30T00:00:00+00:00,150.0,4.0,86.0,60000.0,0,5700.0,99160.0,6.6,3.8,POITIERS-BIARD,6.300000000000011,,,46.593833,0.314333,123,Poitiers,Vienne,86,Nouvelle-Aquitaine,75,1,2.500087253165825
07335,2025-01-30T09:00:00+00:00,360.0,2.1,93.0,60000.0,0,,100100.0,3.0,2.8,POITIERS-BIARD,5.100000000000023,,,46.593833,0.314333,123,Poitiers,Vienne,86,Nouvelle-Aquitaine,75,1,2.500087253165825
07335,2025-01-31T09:00:00+00:00,190.0,1.6,98.0,8610.0,0,3720.0,101660.0,2.4,0.0,POITIERS-BIARD,0.10000000000002274,,,46.593833,0.314333,123,Poitiers,Vienne,86,Nouvelle-Aquitaine,75,1,2.500087253165825
07335,2025-01-16T00:00:00+00:00,30.0,4.7,99.0,2460.0,10,80.0,101740.0,6.6,0.0,POITIERS-BIARD,3.2000000000000455,,,46.593833,0.314333,123,Poitiers,Vienne,86,Nouvelle-Aquitaine,75,1,2.500087253165825
07335,2025-01-16T15:00:00+00:00,70.0,3.6,79.0,51950.0,0,450.0,101700.0,7.3,0.0,POITIERS-BIARD,4.600000000000023,,,46.593833,0.314333,123,Poitiers,Vienne,86,Nouvelle-Aquitaine,75,1,2.500087253165825
07335,2025-01-16T18:00:00+00:00,70.0,2.7,86.0,18830.0,0,,101810.0,4.7,0.0,POITIERS-BIARD,2.400000000000034,,,46.593833,0.314333,123,Poitiers,Vienne,86,Nouvelle-Aquitaine,75,1,2.500087253165825
07335,2025-01-28T21:00:00+00:00,250.0,7.3,80.0,15500.0,0,800.0,99510.0,11.6,4.8,POITIERS-BIARD,8.900000000000034,,,46.593833,0.314333,123,Poitiers,Vienne,86,Nouvelle-Aquitaine,75,1,2.500087253165825
07335,2025-01-22T12:00:00+00:00,190.0,6.1,76.0,50460.0,0,1750.0,98870.0,8.9,0.4,POITIERS-BIARD,12.900000000000034,,,46.593833,0.314333,123,Poitiers,Vienne,86,Nouvelle-Aquitaine,75,1,2.500087253165825
07335,2025-01-27T09:00:00+00:00,200.0,8.9,86.0,16000.0,0,800.0,98370.0,14.3,4.4,POITIERS-BIARD,11.100000000000023,,,46.593833,0.314333,123,Poitiers,Vienne,86,Nouvelle-Aquitaine,75,1,2.500087253165825
07335,2025-01-20T18:00:00+00:00,70.0,2.5,86.0,13130.0,0,,100210.0,3.8,0.0,POITIERS-BIARD,4.0,,,46.593833,0.314333,123,Poitiers,Vienne,86,Nouvelle-Aquitaine,75,1,2.500087253165825
07335,2025-01-21T12:00:00+00:00,80.0,1.5,80.0,30420.0,0,7200.0,99810.0,2.3,0.0,POITIERS-BIARD,7.600000000000023,,,46.593833,0.314333,123,Poitiers,Vienne,86,Nouvelle-Aquitaine,75,1,2.500087253165825
07335,2025-01-22T06:00:00+00:00,190.0,5.2,94.0,50040.0,0,,99010.0,7.4,0.4,POITIERS-BIARD,7.800000000000011,,,46.593833,0.314333,123,Poitiers,Vienne,86,Nouvelle-Aquitaine,75,1,2.500087253165825
07335,2025-01-25T03:00:00+00:00,200.0,9.7,72.0,60000.0,0,3360.0,99070.0,14.4,0.0,POITIERS-BIARD,11.900000000000034,,,46.593833,0.314333,123,Poitiers,Vienne,86,Nouvelle-Aquitaine,75,1,2.500087253165825
07335,2025-01-20T00:00:00+00:00,50.0,4.3,98.0,4720.0,10,80.0,100410.0,6.3,0.0,POITIERS-BIARD,-0.8999999999999773,,,46.593833,0.314333,123,Poitiers,Vienne,86,Nouvelle-Aquitaine,75,1,2.500087253165825
07335,2025-01-16T03:00:00+00:00,50.0,4.9,99.0,7320.0,0,80.0,101680.0,7.8,0.0,POITIERS-BIARD,2.900000000000034,,,46.593833,0.314333,123,Poitiers,Vienne,86,Nouvelle-Aquitaine,75,1,2.500087253165825
07335,2025-01-16T09:00:00+00:00,70.0,5.0,92.0,19100.0,0,250.0,101700.0,9.1,0.0,POITIERS-BIARD,2.8000000000000114,,,46.593833,0.314333,123,Poitiers,Vienne,86,Nouvelle-Aquitaine,75,1,2.500087253165825
07335,2025-01-30T21:00:00+00:00,350.0,4.0,80.0,60000.0,0,1250.0,101370.0,5.6,0.0,POITIERS-BIARD,6.5,,,46.593833,0.314333,123,Poitiers,Vienne,86,Nouvelle-Aquitaine,75,1,2.500087253165825
07335,2025-01-21T06:00:00+00:00,150.0,0.7,98.0,220.0,44,,99990.0,1.3,0.0,POITIERS-BIARD,0.10000000000002274,,,46.593833,0.314333,123,Poitiers,Vienne,86,Nouvelle-Aquitaine,75,1,2.500087253165825
07335,2025-01-23T09:00:00+00:00,200.0,2.9,98.0,7500.0,0,150.0,100060.0,4.0,11.3,POITIERS-BIARD,5.100000000000023,,,46.593833,0.314333,123,Poitiers,Vienne,86,Nouvelle-Aquitaine,75,1,2.500087253165825
07335,2025-01-26T09:00:00+00:00,160.0,6.8,91.0,60000.0,0,450.0,99260.0,10.1,4.8,POITIERS-BIARD,5.900000000000034,,,46.593833,0.314333,123,Poitiers,Vienne,86,Nouvelle-Aquitaine,75,1,2.500087253165825
07335,2025-01-22T09:00:00+00:00,180.0,5.7,90.0,48500.0,0,,99010.0,9.3,0.4,POITIERS-BIARD,9.300000000000011,,,46.593833,0.314333,123,Poitiers,Vienne,86,Nouvelle-Aquitaine,75,1,2.500087253165825
07335,2025-01-24T18:00:00+00:00,180.0,6.7,72.0,60000.0,0,2250.0,99350.0,9.6,0.0,POITIERS-BIARD,12.200000000000045,,,46.593833,0.314333,123,Poitiers,Vienne,86,Nouvelle-Aquitaine,75,1,2.500087253165825
07335,2025-01-15T00:00:00+00:00,340.0,2.3,92.0,7610.0,0,,102010.0,3.2,0.0,POITIERS-BIARD,-3.5,,,46.593833,0.314333,123,Poitiers,Vienne,86,Nouvelle-Aquitaine,75,1,2.500087253165825
07335,2025-01-17T00:00:00+00:00,40.0,0.9,96.0,2430.0,10,,101990.0,1.5,0.0,POITIERS-BIARD,-1.1999999999999886,,,46.593833,0.314333,123,Poitiers,Vienne,86,Nouvelle-Aquitaine,75,1,2.500087253165825
07335,2025-01-20T12:00:00+00:00,100.0,1.6,88.0,11020.0,0,,100350.0,3.3,0.0,POITIERS-BIARD,3.2000000000000455,,,46.593833,0.314333,123,Poitiers,Vienne,86,Nouvelle-Aquitaine,75,1,2.500087253165825
07335,2025-01-20T15:00:00+00:00,70.0,1.7,74.0,19200.0,0,,100200.0,2.6,0.0,POITIERS-BIARD,7.100000000000023,,,46.593833,0.314333,123,Poitiers,Vienne,86,Nouvelle-Aquitaine,75,1,2.500087253165825
07335,2025-01-23T03:00:00+00:00,270.0,1.3,95.0,9480.0,0,250.0,99620.0,1.6,11.3,POITIERS-BIARD,4.7000000000000455,,,46.593833,0.314333,123,Poitiers,Vienne,86,Nouvelle-Aquitaine,75,1,2.500087253165825
07335,2025-01-17T21:00:00+00:00,30.0,3.3,96.0,2890.0,10,,101780.0,3.8,0.0,POITIERS-BIARD,-0.5,,,46.593833,0.314333,123,Poitiers,Vienne,86,Nouvelle-Aquitaine,75,1,2.500087253165825
07335,2025-01-21T03:00:00+00:00,20.0,0.9,98.0,530.0,48,,100100.0,1.4,0.0,POITIERS-BIARD,-1.599999999999966,,,46.593833,0.314333,123,Poitiers,Vienne,86,Nouvelle-Aquitaine,75,1,2.500087253165825
07335,2025-01-21T09:00:00+00:00,50.0,1.5,99.0,3770.0,10,,99970.0,2.2,0.0,POITIERS-BIARD,-0.0999999999999659,,,46.593833,0.314333,123,Poitiers,Vienne,86,Nouvelle-Aquitaine,75,1,2.500087253165825
07335,2025-01-22T15:00:00+00:00,190.0,8.1,88.0,14670.0,61,800.0,98730.0,12.3,1.2,POITIERS-BIARD,11.700000000000045,,,46.593833,0.314333,123,Poitiers,Vienne,86,Nouvelle-Aquitaine,75,1,2.500087253165825
07335,2025-01-23T18:00:00+00:00,190.0,5.4,82.0,60000.0,0,1250.0,100120.0,7.7,8.1,POITIERS-BIARD,8.300000000000011,,,46.593833,0.314333,123,Poitiers,Vienne,86,Nouvelle-Aquitaine,75,1,2.500087253165825
07335,2025-01-26T00:00:00+00:00,230.0,3.9,90.0,60000.0,0,,100130.0,5.7,4.8,POITIERS-BIARD,1.8000000000000114,,,46.593833,0.314333,123,Poitiers,Vienne,86,Nouvelle-Aquitaine,75,1,2.500087253165825
07335,2025-01-26T03:00:00+00:00,170.0,3.4,93.0,60000.0,0,800.0,100030.0,4.9,4.8,POITIERS-BIARD,2.400000000000034,,,46.593833,0.314333,123,Poitiers,Vienne,86,Nouvelle-Aquitaine,75,1,2.500087253165825
07335,2025-01-27T21:00:00+00:00,200.0,7.7,85.0,60000.0,0,800.0,98350.0,10.7,8.7,POITIERS-BIARD,7.400000000000034,,,46.593833,0.314333,123,Poitiers,Vienne,86,Nouvelle-Aquitaine,75,1,2.500087253165825
07335,2025-01-28T00:00:00+00:00,210.0,9.0,83.0,60000.0,0,450.0,98390.0,14.2,7.9,POITIERS-BIARD,7.400000000000034,,,46.593833,0.314333,123,Poitiers,Vienne,86,Nouvelle-Aquitaine,75,1,2.500087253165825
07335,2025-01-29T00:00:00+00:00,240.0,6.0,87.0,17940.0,0,,99780.0,8.7,4.8,POITIERS-BIARD,7.100000000000023,,,46.593833,0.314333,123,Poitiers,Vienne,86,Nouvelle-Aquitaine,75,1,2.500087253165825
07335,2025-01-29T09:00:00+00:00,180.0,7.5,95.0,13110.0,58,250.0,99440.0,10.7,1.8,POITIERS-BIARD,7.300000000000011,,,46.593833,0.314333,123,Poitiers,Vienne,86,Nouvelle-Aquitaine,75,1,2.500087253165825
07335,2025-01-28T12:00:00+00:00,240.0,6.0,92.0,19570.0,0,250.0,98490.0,8.8,11.3,POITIERS-BIARD,10.0,,,46.593833,0.314333,123,Poitiers,Vienne,86,Nouvelle-Aquitaine,75,1,2.500087253165825
07335,2025-01-31T12:00:00+00:00,200.0,3.6,79.0,44560.0,0,2250.0,101610.0,5.2,0.0,POITIERS-BIARD,6.5,,,46.593833,0.314333,123,Poitiers,Vienne,86,Nouvelle-Aquitaine,75,1,2.500087253165825
07335,2025-01-31T15:00:00+00:00,210.0,5.2,77.0,54330.0,0,800.0,101330.0,6.9,0.0,POITIERS-BIARD,7.400000000000034,,,46.593833,0.314333,123,Poitiers,Vienne,86,Nouvelle-Aquitaine,75,1,2.500087253165825
07335,2025-01-17T03:00:00+00:00,10.0,1.4,98.0,3060.0,10,,102000.0,2.0,0.0,POITIERS-BIARD,0.10000000000002274,,,46.593833,0.314333,123,Poitiers,Vienne,86,Nouvelle-Aquitaine,75,1,2.500087253165825
07335,2025-01-17T18:00:00+00:00,20.0,3.2,89.0,10000.0,0,,101860.0,3.9,0.0,POITIERS-BIARD,1.7000000000000455,,,46.593833,0.314333,123,Poitiers,Vienne,86,Nouvelle-Aquitaine,75,1,2.500087253165825
07335,2025-01-18T03:00:00+00:00,50.0,2.8,99.0,280.0,49,30.0,101560.0,4.8,0.0,POITIERS-BIARD,-1.599999999999966,,,46.593833,0.314333,123,Poitiers,Vienne,86,Nouvelle-Aquitaine,75,1,2.500087253165825
07335,2025-01-19T12:00:00+00:00,80.0,3.1,92.0,14090.0,0,150.0,100730.0,4.8,0.0,POITIERS-BIARD,0.10000000000002274,,,46.593833,0.314333,123,Poitiers,Vienne,86,Nouvelle-Aquitaine,75,1,2.500087253165825
07335,2025-01-25T15:00:00+00:00,220.0,9.9,82.0,40720.0,0,3060.0,99150.0,14.4,4.8,POITIERS-BIARD,10.400000000000034,,,46.593833,0.314333,123,Poitiers,Vienne,86,Nouvelle-Aquitaine,75,1,2.500087253165825
07335,2025-01-26T12:00:00+00:00,170.0,7.4,86.0,60000.0,0,1750.0,98950.0,11.2,3.4,POITIERS-BIARD,8.0,,,46.593833,0.314333,123,Poitiers,Vienne,86,Nouvelle-Aquitaine,75,1,2.500087253165825
07335,2025-01-28T18:00:00+00:00,260.0,9.2,75.0,46250.0,0,800.0,99080.0,14.6,4.8,POITIERS-BIARD,9.700000000000045,,,46.593833,0.314333,123,Poitiers,Vienne,86,Nouvelle-Aquitaine,75,1,2.500087253165825
07335,2025-01-24T12:00:00+00:00,200.0,7.7,71.0,60000.0,0,4020.0,99530.0,11.0,0.0,POITIERS-BIARD,11.800000000000011,,,46.593833,0.314333,123,Poitiers,Vienne,86,Nouvelle-Aquitaine,75,1,2.500087253165825
07335,2025-01-28T03:00:00+00:00,220.0,11.8,87.0,45610.0,0,450.0,98260.0,17.3,8.7,POITIERS-BIARD,6.7000000000000455,,,46.593833,0.314333,123,Poitiers,Vienne,86,Nouvelle-Aquitaine,75,1,2.500087253165825
07335,2025-01-15T03:00:00+00:00,360.0,2.6,95.0,4820.0,10,,101970.0,3.1,0.0,POITIERS-BIARD,-4.899999999999977,,,46.593833,0.314333,123,Poitiers,Vienne,86,Nouvelle-Aquitaine,75,1,2.500087253165825
07335,2025-01-15T21:00:00+00:00,10.0,3.7,99.0,890.0,45,30.0,101840.0,5.2,0.0,POITIERS-BIARD,3.5,,,46.593833,0.314333,123,Poitiers,Vienne,86,Nouvelle-Aquitaine,75,1,2.500087253165825
07335,2025-01-16T21:00:00+00:00,30.0,2.0,93.0,10240.0,0,,101910.0,2.6,0.0,POITIERS-BIARD,-0.5,,,46.593833,0.314333,123,Poitiers,Vienne,86,Nouvelle-Aquitaine,75,1,2.500087253165825
07335,2025-01-19T03:00:00+00:00,150.0,2.3,93.0,12490.0,0,250.0,100900.0,3.8,0.0,POITIERS-BIARD,-0.7999999999999545,,,46.593833,0.314333,123,Poitiers,Vienne,86,Nouvelle-Aquitaine,75,1,2.500087253165825
07335,2025-01-19T06:00:00+00:00,280.0,2.5,95.0,17240.0,0,150.0,100870.0,6.6,0.0,POITIERS-BIARD,-0.39999999999997726,,,46.593833,0.314333,123,Poitiers,Vienne,86,Nouvelle-Aquitaine,75,1,2.500087253165825
07335,2025-01-31T21:00:00+00:00,90.0,4.9,95.0,4880.0,63,250.0,101160.0,8.4,8.1,POITIERS-BIARD,4.600000000000023,,,46.593833,0.314333,123,Poitiers,Vienne,86,Nouvelle-Aquitaine,75,1,2.500087253165825
07335,2025-01-15T06:00:00+00:00,10.0,2.1,95.0,4200.0,10,,101930.0,2.4,0.0,POITIERS-BIARD,-4.399999999999977,,,46.593833,0.314333,123,Poitiers,Vienne,86,Nouvelle-Aquitaine,75,1,2.500087253165825
07335,2025-01-18T18:00:00+00:00,180.0,1.5,92.0,15020.0,0,450.0,101090.0,2.4,0.0,POITIERS-BIARD,0.4000000000000341,,,46.593833,0.314333,123,Poitiers,Vienne,86,Nouvelle-Aquitaine,75,1,2.500087253165825
07335,2025-01-21T15:00:00+00:00,90.0,2.1,73.0,51920.0,0,4740.0,99540.0,3.4,0.0,POITIERS-BIARD,10.700000000000045,,,46.593833,0.314333,123,Poitiers,Vienne,86,Nouvelle-Aquitaine,75,1,2.500087253165825
07335,2025-01-24T03:00:00+00:00,190.0,9.0,81.0,60000.0,0,4620.0,99740.0,13.5,-0.1,POITIERS-BIARD,6.5,,,46.593833,0.314333,123,Poitiers,Vienne,86,Nouvelle-Aquitaine,75,1,2.500087253165825
07335,2025-01-29T06:00:00+00:00,180.0,4.9,93.0,19560.0,0,2700.0,99650.0,7.7,2.8,POITIERS-BIARD,6.600000000000023,,,46.593833,0.314333,123,Poitiers,Vienne,86,Nouvelle-Aquitaine,75,1,2.500087253165825
07335,2025-01-17T09:00:00+00:00,30.0,1.2,97.0,3540.0,10,,102060.0,1.9,0.0,POITIERS-BIARD,-1.3999999999999773,,,46.593833,0.314333,123,Poitiers,Vienne,86,Nouvelle-Aquitaine,75,1,2.500087253165825
07335,2025-01-17T15:00:00+00:00,340.0,1.5,68.0,19530.0,0,,101920.0,2.6,0.0,POITIERS-BIARD,7.800000000000011,,,46.593833,0.314333,123,Poitiers,Vienne,86,Nouvelle-Aquitaine,75,1,2.500087253165825
07335,2025-01-18T09:00:00+00:00,10.0,2.7,99.0,4370.0,10,80.0,101340.0,4.0,0.0,POITIERS-BIARD,-1.0,,,46.593833,0.314333,123,Poitiers,Vienne,86,Nouvelle-Aquitaine,75,1,2.500087253165825
07335,2025-01-19T00:00:00+00:00,230.0,2.5,93.0,13320.0,0,250.0,101030.0,3.7,0.0,POITIERS-BIARD,-0.5,,,46.593833,0.314333,123,Poitiers,Vienne,86,Nouvelle-Aquitaine,75,1,2.500087253165825
07335,2025-01-19T21:00:00+00:00,60.0,2.9,98.0,2360.0,10,30.0,100470.0,5.1,0.0,POITIERS-BIARD,-0.8999999999999773,,,46.593833,0.314333,123,Poitiers,Vienne,86,Nouvelle-Aquitaine,75,1,2.500087253165825
07335,2025-01-23T06:00:00+00:00,220.0,3.2,98.0,270.0,45,30.0,99960.0,4.4,11.3,POITIERS-BIARD,3.3000000000000114,,,46.593833,0.314333,123,Poitiers,Vienne,86,Nouvelle-Aquitaine,75,1,2.500087253165825
07335,2025-01-27T18:00:00+00:00,190.0,8.1,88.0,60000.0,0,4740.0,98340.0,11.8,9.5,POITIERS-BIARD,7.800000000000011,,,46.593833,0.314333,123,Poitiers,Vienne,86,Nouvelle-Aquitaine,75,1,2.500087253165825
07335,2025-01-24T00:00:00+00:00,190.0,8.3,84.0,60000.0,0,5040.0,99980.0,12.0,-0.1,POITIERS-BIARD,6.600000000000023,,,46.593833,0.314333,123,Poitiers,Vienne,86,Nouvelle-Aquitaine,75,1,2.500087253165825
07335,2025-01-26T06:00:00+00:00,150.0,4.5,92.0,60000.0,0,1250.0,99690.0,7.2,4.8,POITIERS-BIARD,4.7000000000000455,,,46.593833,0.314333,123,Poitiers,Vienne,86,Nouvelle-Aquitaine,75,1,2.500087253165825
07335,2025-01-26T18:00:00+00:00,200.0,9.9,83.0,57120.0,60,1750.0,98590.0,15.5,1.8,POITIERS-BIARD,10.300000000000011,,,46.593833,0.314333,123,Poitiers,Vienne,86,Nouvelle-Aquitaine,75,1,2.500087253165825
07335,2025-01-19T18:00:00+00:00,90.0,1.6,94.0,7010.0,0,150.0,100540.0,2.9,0.0,POITIERS-BIARD,0.0,,,46.593833,0.314333,123,Poitiers,Vienne,86,Nouvelle-Aquitaine,75,1,2.500087253165825
07335,2025-01-28T06:00:00+00:00,200.0,10.3,90.0,12250.0,60,450.0,98200.0,14.3,9.3,POITIERS-BIARD,7.100000000000023,,,46.593833,0.314333,123,Poitiers,Vienne,86,Nouvelle-Aquitaine,75,1,2.500087253165825
07335,2025-01-28T09:00:00+00:00,200.0,8.4,94.0,18940.0,60,250.0,98270.0,11.8,10.9,POITIERS-BIARD,7.800000000000011,,,46.593833,0.314333,123,Poitiers,Vienne,86,Nouvelle-Aquitaine,75,1,2.500087253165825
07335,2025-01-18T00:00:00+00:00,20.0,3.8,99.0,140.0,49,30.0,101710.0,5.1,0.0,POITIERS-BIARD,-1.099999999999966,,,46.593833,0.314333,123,Poitiers,Vienne,86,Nouvelle-Aquitaine,75,1,2.500087253165825
07335,2025-01-18T06:00:00+00:00,50.0,3.3,99.0,3720.0,10,30.0,101430.0,5.6,0.0,POITIERS-BIARD,-1.3999999999999773,,,46.593833,0.314333,123,Poitiers,Vienne,86,Nouvelle-Aquitaine,75,1,2.500087253165825
07335,2025-01-20T09:00:00+00:00,60.0,2.4,99.0,1510.0,10,30.0,100350.0,4.3,0.0,POITIERS-BIARD,-0.7999999999999545,,,46.593833,0.314333,123,Poitiers,Vienne,86,Nouvelle-Aquitaine,75,1,2.500087253165825
07335,2025-01-20T21:00:00+00:00,20.0,2.7,95.0,5350.0,0,,100230.0,3.4,0.0,POITIERS-BIARD,0.0,,,46.593833,0.314333,123,Poitiers,Vienne,86,Nouvelle-Aquitaine,75,1,2.500087253165825
07335,2025-01-29T15:00:00+00:00,170.0,7.7,79.0,31200.0,61,1250.0,98920.0,11.4,3.2,POITIERS-BIARD,8.900000000000034,,,46.593833,0.314333,123,Poitiers,Vienne,86,Nouvelle-Aquitaine,75,1,2.500087253165825
07335,2025-01-30T18:00:00+00:00,350.0,4.5,80.0,60000.0,0,800.0,101070.0,7.2,0.2,POITIERS-BIARD,7.2000000000000455,,,46.593833,0.314333,123,Poitiers,Vienne,86,Nouvelle-Aquitaine,75,1,2.500087253165825
07335,2025-01-21T21:00:00+00:00,120.0,2.1,81.0,20920.0,0,1250.0,99400.0,3.0,0.0,POITIERS-BIARD,8.600000000000023,,,46.593833,0.314333,123,Poitiers,Vienne,86,Nouvelle-Aquitaine,75,1,2.500087253165825
07335,2025-01-26T21:00:00+00:00,180.0,9.3,73.0,41910.0,61,1750.0,98040.0,14.0,2.6,POITIERS-BIARD,11.100000000000023,,,46.593833,0.314333,123,Poitiers,Vienne,86,Nouvelle-Aquitaine,75,1,2.500087253165825
07335,2025-01-29T03:00:00+00:00,220.0,5.3,93.0,18220.0,0,2250.0,99810.0,7.5,3.6,POITIERS-BIARD,5.800000000000011,,,46.593833,0.314333,123,Poitiers,Vienne,86,Nouvelle-Aquitaine,75,1,2.500087253165825
07335,2025-01-20T06:00:00+00:00,70.0,2.3,98.0,5410.0,0,80.0,100280.0,3.6,0.0,POITIERS-BIARD,-1.2999999999999545,,,46.593833,0.314333,123,Poitiers,Vienne,86,Nouvelle-Aquitaine,75,1,2.500087253165825
07335,2025-01-27T06:00:00+00:00,240.0,6.6,87.0,15710.0,58,800.0,98250.0,10.3,4.0,POITIERS-BIARD,10.900000000000034,,,46.593833,0.314333,123,Poitiers,Vienne,86,Nouvelle-Aquitaine,75,1,2.500087253165825
07335,2025-01-16T06:00:00+00:00,60.0,5.9,93.0,23480.0,0,250.0,101640.0,10.2,0.0,POITIERS-BIARD,3.2000000000000455,,,46.593833,0.314333,123,Poitiers,Vienne,86,Nouvelle-Aquitaine,75,1,2.500087253165825
07335,2025-01-19T15:00:00+00:00,80.0,2.9,86.0,17690.0,0,250.0,100540.0,4.4,0.0,POITIERS-BIARD,2.0,,,46.593833,0.314333,123,Poitiers,Vienne,86,Nouvelle-Aquitaine,75,1,2.500087253165825
07335,2025-01-21T18:00:00+00:00,100.0,1.7,81.0,40930.0,0,1750.0,99460.0,3.4,0.0,POITIERS-BIARD,8.600000000000023,,,46.593833,0.314333,123,Poitiers,Vienne,86,Nouvelle-Aquitaine,75,1,2.500087253165825
07335,2025-01-22T00:00:00+00:00,170.0,4.4,92.0,60000.0,0,800.0,99280.0,6.4,0.4,POITIERS-BIARD,8.5,,,46.593833,0.314333,123,Poitiers,Vienne,86,Nouvelle-Aquitaine,75,1,2.500087253165825
07335,2025-01-22T21:00:00+00:00,320.0,8.3,96.0,4210.0,61,150.0,98850.0,15.3,7.4,POITIERS-BIARD,9.300000000000011,,,46.593833,0.314333,123,Poitiers,Vienne,86,Nouvelle-Aquitaine,75,1,2.500087253165825
07335,2025-01-25T12:00:00+00:00,210.0,5.6,89.0,2640.0,63,450.0,99300.0,8.2,2.0,POITIERS-BIARD,10.800000000000011,,,46.593833,0.314333,123,Poitiers,Vienne,86,Nouvelle-Aquitaine,75,1,2.500087253165825
07335,2025-01-29T12:00:00+00:00,170.0,9.0,87.0,26450.0,51,800.0,99130.0,14.3,2.8,POITIERS-BIARD,8.400000000000034,,,46.593833,0.314333,123,Poitiers,Vienne,86,Nouvelle-Aquitaine,75,1,2.500087253165825
07335,2025-01-24T21:00:00+00:00,190.0,5.9,67.0,60000.0,0,5700.0,99160.0,9.6,0.0,POITIERS-BIARD,12.0,,,46.593833,0.314333,123,Poitiers,Vienne,86,Nouvelle-Aquitaine,75,1,2.500087253165825
07335,2025-01-25T21:00:00+00:00,260.0,8.7,82.0,59980.0,0,450.0,99760.0,15.2,4.8,POITIERS-BIARD,4.0,,,46.593833,0.314333,123,Poitiers,Vienne,86,Nouvelle-Aquitaine,75,1,2.500087253165825
07335,2025-01-26T15:00:00+00:00,200.0,12.9,80.0,17710.0,61,800.0,98690.0,21.3,1.4,POITIERS-BIARD,9.800000000000011,,,46.593833,0.314333,123,Poitiers,Vienne,86,Nouvelle-Aquitaine,75,1,2.500087253165825
07335,2025-01-16T12:00:00+00:00,80.0,5.6,90.0,18830.0,0,250.0,101750.0,10.6,0.0,POITIERS-BIARD,3.0,,,46.593833,0.314333,123,Poitiers,Vienne,86,Nouvelle-Aquitaine,75,1,2.500087253165825
07335,2025-01-17T12:00:00+00:00,30.0,1.7,75.0,16950.0,0,,102030.0,3.1,0.0,POITIERS-BIARD,5.400000000000034,,,46.593833,0.314333,123,Poitiers,Vienne,86,Nouvelle-Aquitaine,75,1,2.500087253165825
07335,2025-01-15T15:00:00+00:00,20.0,3.5,77.0,15070.0,0,450.0,101810.0,5.5,0.0,POITIERS-BIARD,4.900000000000034,,,46.593833,0.314333,123,Poitiers,Vienne,86,Nouvelle-Aquitaine,75,1,2.500087253165825
07335,2025-01-18T15:00:00+00:00,70.0,1.3,96.0,12190.0,0,450.0,101090.0,2.4,0.0,POITIERS-BIARD,0.10000000000002274,,,46.593833,0.314333,123,Poitiers,Vienne,86,Nouvelle-Aquitaine,75,1,2.500087253165825
07335,2025-01-28T15:00:00+00:00,270.0,6.6,78.0,43210.0,0,1250.0,98730.0,9.6,6.0,POITIERS-BIARD,11.300000000000011,,,46.593833,0.314333,123,Poitiers,Vienne,86,Nouvelle-Aquitaine,75,1,2.500087253165825
07335,2025-01-31T00:00:00+00:00,320.0,2.7,92.0,44020.0,0,6360.0,101480.0,3.6,0.0,POITIERS-BIARD,2.0,,,46.593833,0.314333,123,Poitiers,Vienne,86,Nouvelle-Aquitaine,75,1,2.500087253165825
07335,2025-01-22T18:00:00+00:00,200.0,6.6,95.0,36830.0,0,450.0,98720.0,9.4,3.6,POITIERS-BIARD,11.0,,,46.593833,0.314333,123,Poitiers,Vienne,86,Nouvelle-Aquitaine,75,1,2.500087253165825
07335,2025-01-23T00:00:00+00:00,310.0,6.0,94.0,33910.0,0,250.0,99300.0,9.0,11.3,POITIERS-BIARD,6.7000000000000455,,,46.593833,0.314333,123,Poitiers,Vienne,86,Nouvelle-Aquitaine,75,1,2.500087253165825
07335,2025-01-24T06:00:00+00:00,190.0,8.0,82.0,60000.0,0,4140.0,99610.0,12.0,-0.1,POITIERS-BIARD,6.400000000000034,,,46.593833,0.314333,123,Poitiers,Vienne,86,Nouvelle-Aquitaine,75,1,2.500087253165825
07335,2025-01-25T09:00:00+00:00,190.0,3.8,82.0,59970.0,0,450.0,99320.0,5.7,0.0,POITIERS-BIARD,10.600000000000023,,,46.593833,0.314333,123,Poitiers,Vienne,86,Nouvelle-Aquitaine,75,1,2.500087253165825
07335,2025-01-27T00:00:00+00:00,210.0,14.6,88.0,19920.0,0,450.0,98010.0,21.1,3.4,POITIERS-BIARD,12.100000000000023,,,46.593833,0.314333,123,Poitiers,Vienne,86,Nouvelle-Aquitaine,75,1,2.500087253165825
07335,2025-01-15T09:00:00+00:00,350.0,1.7,93.0,5260.0,0,,102040.0,2.5,0.0,POITIERS-BIARD,-1.8999999999999773,,,46.593833,0.314333,123,Poitiers,Vienne,86,Nouvelle-Aquitaine,75,1,2.500087253165825
07335,2025-01-21T00:00:00+00:00,0.0,0.0,98.0,470.0,48,,100150.0,0.6,0.0,POITIERS-BIARD,-1.099999999999966,,,46.593833,0.314333,123,Poitiers,Vienne,86,Nouvelle-Aquitaine,75,1,2.500087253165825
07335,2025-01-31T06:00:00+00:00,160.0,0.6,97.0,3170.0,10,,101590.0,0.9,0.0,POITIERS-BIARD,-0.5,,,46.593833,0.314333,123,Poitiers,Vienne,86,Nouvelle-Aquitaine,75,1,2.500087253165825
07335,2025-01-15T12:00:00+00:00,360.0,3.6,77.0,8390.0,0,1250.0,101980.0,5.1,0.0,POITIERS-BIARD,2.900000000000034,,,46.593833,0.314333,123,Poitiers,Vienne,86,Nouvelle-Aquitaine,75,1,2.500087253165825
07335,2025-01-18T21:00:00+00:00,230.0,3.8,90.0,19030.0,0,450.0,101070.0,5.6,0.0,POITIERS-BIARD,-0.0999999999999659,,,46.593833,0.314333,123,Poitiers,Vienne,86,Nouvelle-Aquitaine,75,1,2.500087253165825
07335,2025-01-19T09:00:00+00:00,60.0,1.6,95.0,13050.0,0,150.0,100790.0,2.4,0.0,POITIERS-BIARD,-0.5999999999999659,,,46.593833,0.314333,123,Poitiers,Vienne,86,Nouvelle-Aquitaine,75,1,2.500087253165825
07335,2025-01-22T03:00:00+00:00,180.0,4.7,89.0,60000.0,0,1250.0,99140.0,7.3,0.4,POITIERS-BIARD,9.200000000000045,,,46.593833,0.314333,123,Poitiers,Vienne,86,Nouvelle-Aquitaine,75,1,2.500087253165825
07335,2025-01-23T12:00:00+00:00,190.0,5.0,88.0,22570.0,0,450.0,100110.0,6.8,11.3,POITIERS-BIARD,7.800000000000011,,,46.593833,0.314333,123,Poitiers,Vienne,86,Nouvelle-Aquitaine,75,1,2.500087253165825
07335,2025-01-23T21:00:00+00:00,180.0,6.0,86.0,60000.0,0,5520.0,100100.0,8.8,4.3,POITIERS-BIARD,7.0,,,46.593833,0.314333,123,Poitiers,Vienne,86,Nouvelle-Aquitaine,75,1,2.500087253165825
07335,2025-01-27T12:00:00+00:00,210.0,9.3,81.0,8760.0,61,800.0,98390.0,13.3,4.0,POITIERS-BIARD,10.600000000000023,,,46.593833,0.314333,123,Poitiers,Vienne,86,Nouvelle-Aquitaine,75,1,2.500087253165825
07335,2025-01-27T15:00:00+00:00,240.0,6.8,87.0,18640.0,61,800.0,98390.0,9.9,8.7,POITIERS-BIARD,9.100000000000023,,,46.593833,0.314333,123,Poitiers,Vienne,86,Nouvelle-Aquitaine,75,1,2.500087253165825
07335,2025-01-30T06:00:00+00:00,350.0,2.2,94.0,52870.0,0,6780.0,99680.0,2.8,3.8,POITIERS-BIARD,2.8000000000000114,,,46.593833,0.314333,123,Poitiers,Vienne,86,Nouvelle-Aquitaine,75,1,2.500087253165825
07335,2025-01-30T12:00:00+00:00,350.0,6.2,84.0,39590.0,0,450.0,100410.0,9.2,1.2,POITIERS-BIARD,8.700000000000045,,,46.593833,0.314333,123,Poitiers,Vienne,86,Nouvelle-Aquitaine,75,1,2.500087253165825
07335,2025-01-30T15:00:00+00:00,20.0,6.4,78.0,60000.0,0,800.0,100720.0,9.4,0.6,POITIERS-BIARD,7.900000000000034,,,46.593833,0.314333,123,Poitiers,Vienne,86,Nouvelle-Aquitaine,75,1,2.500087253165825
